Stand;Kanton;Jahr;Stufe;Schultyp;Geschlecht;Nationalitaet;Traegerschaft;Finanzierung;Anzahl
16.11.2020;tg;2007;Kindergartenstufe;Heim- und Sonderschule;M;Ausländer;oef;oef;1
16.11.2020;tg;2007;Kindergartenstufe;Volksschule;F;Ausländer;priv;priv;6
16.11.2020;tg;2007;Kindergartenstufe;Heim- und Sonderschule;F;CH;priv;oef;12
16.11.2020;tg;2007;Kindergartenstufe;Heim- und Sonderschule;M;CH;oef;oef;13
16.11.2020;tg;2007;Kindergartenstufe;Heim- und Sonderschule;M;CH;priv;oef;31
16.11.2020;tg;2007;Kindergartenstufe;Volksschule;M;Ausländer;priv;priv;4
16.11.2020;tg;2007;Kindergartenstufe;Volksschule;M;CH;oef;oef;1867
16.11.2020;tg;2007;Kindergartenstufe;Volksschule;M;Ausländer;oef;oef;532
16.11.2020;tg;2007;Kindergartenstufe;Volksschule;F;Ausländer;oef;oef;489
16.11.2020;tg;2007;Kindergartenstufe;Heim- und Sonderschule;F;Ausländer;priv;oef;2
16.11.2020;tg;2007;Kindergartenstufe;Heim- und Sonderschule;F;CH;oef;oef;5
16.11.2020;tg;2007;Kindergartenstufe;Volksschule;F;CH;oef;oef;1791
16.11.2020;tg;2007;Kindergartenstufe;Volksschule;F;CH;priv;priv;8
16.11.2020;tg;2007;Kindergartenstufe;Heim- und Sonderschule;M;Ausländer;priv;oef;2
16.11.2020;tg;2007;Kindergartenstufe;Volksschule;M;CH;priv;priv;13
16.11.2020;tg;2007;Kindergartenstufe;Heim- und Sonderschule;F;Ausländer;oef;oef;2
16.11.2020;tg;2007;Primarstufe;Volksschule;F;Ausländer;oef;oef;1717
16.11.2020;tg;2007;Primarstufe;Volksschule;M;Ausländer;oef;oef;1776
16.11.2020;tg;2007;Primarstufe;Heim- und Sonderschule;M;CH;priv;priv;6
16.11.2020;tg;2007;Primarstufe;Heim- und Sonderschule;F;Ausländer;priv;priv;6
16.11.2020;tg;2007;Primarstufe;Heim- und Sonderschule;F;CH;priv;priv;6
16.11.2020;tg;2007;Primarstufe;Heim- und Sonderschule;M;CH;priv;oef;195
16.11.2020;tg;2007;Primarstufe;Heim- und Sonderschule;M;Ausländer;oef;oef;16
16.11.2020;tg;2007;Primarstufe;Heim- und Sonderschule;M;CH;oef;oef;26
16.11.2020;tg;2007;Primarstufe;Volksschule;M;CH;oef;oef;6940
16.11.2020;tg;2007;Primarstufe;Volksschule;F;Ausländer;priv;priv;46
16.11.2020;tg;2007;Primarstufe;Volksschule;M;Ausländer;priv;priv;38
16.11.2020;tg;2007;Primarstufe;Heim- und Sonderschule;F;CH;oef;oef;14
16.11.2020;tg;2007;Primarstufe;Volksschule;F;CH;priv;priv;77
16.11.2020;tg;2007;Primarstufe;Heim- und Sonderschule;M;Ausländer;priv;oef;66
16.11.2020;tg;2007;Primarstufe;Volksschule;F;CH;oef;oef;6381
16.11.2020;tg;2007;Primarstufe;Heim- und Sonderschule;M;Ausländer;priv;priv;4
16.11.2020;tg;2007;Primarstufe;Heim- und Sonderschule;F;CH;priv;oef;91
16.11.2020;tg;2007;Primarstufe;Heim- und Sonderschule;F;Ausländer;priv;oef;26
16.11.2020;tg;2007;Primarstufe;Volksschule;M;CH;priv;priv;84
16.11.2020;tg;2007;Primarstufe;Heim- und Sonderschule;F;Ausländer;oef;oef;8
16.11.2020;tg;2007;Sekundarstufe I;Volksschule;F;Ausländer;oef;oef;918
16.11.2020;tg;2007;Sekundarstufe I;Heim- und Sonderschule;F;CH;oef;oef;17
16.11.2020;tg;2007;Sekundarstufe I;Mittelschule;M;Ausländer;oef;oef;14
16.11.2020;tg;2007;Sekundarstufe I;Heim- und Sonderschule;M;Ausländer;oef;oef;5
16.11.2020;tg;2007;Sekundarstufe I;Volksschule;F;CH;priv;priv;119
16.11.2020;tg;2007;Sekundarstufe I;Volksschule;M;CH;priv;priv;219
16.11.2020;tg;2007;Sekundarstufe I;Volksschule;M;Ausländer;oef;oef;891
16.11.2020;tg;2007;Sekundarstufe I;Heim- und Sonderschule;M;CH;priv;oef;62
16.11.2020;tg;2007;Sekundarstufe I;Mittelschule;F;Ausländer;oef;oef;15
16.11.2020;tg;2007;Sekundarstufe I;Volksschule;M;Ausländer;priv;priv;59
16.11.2020;tg;2007;Sekundarstufe I;Heim- und Sonderschule;M;Ausländer;priv;oef;16
16.11.2020;tg;2007;Sekundarstufe I;Heim- und Sonderschule;M;CH;oef;oef;15
16.11.2020;tg;2007;Sekundarstufe I;Volksschule;F;CH;oef;oef;3600
16.11.2020;tg;2007;Sekundarstufe I;Heim- und Sonderschule;F;Ausländer;oef;oef;2
16.11.2020;tg;2007;Sekundarstufe I;Volksschule;M;CH;oef;oef;3673
16.11.2020;tg;2007;Sekundarstufe I;Mittelschule;M;CH;oef;oef;144
16.11.2020;tg;2007;Sekundarstufe I;Heim- und Sonderschule;F;Ausländer;priv;oef;6
16.11.2020;tg;2007;Sekundarstufe I;Volksschule;F;Ausländer;priv;priv;32
16.11.2020;tg;2007;Sekundarstufe I;Heim- und Sonderschule;F;CH;priv;oef;21
16.11.2020;tg;2007;Sekundarstufe I;Mittelschule;F;CH;oef;oef;151
16.11.2020;tg;2007;Sekundarstufe II;Brückenangebot;F;Ausländer;oef;oef;37
16.11.2020;tg;2007;Sekundarstufe II;Brückenangebot;F;CH;oef;oef;180
16.11.2020;tg;2007;Sekundarstufe II;Brückenangebot;F;CH;priv;oef;29
16.11.2020;tg;2007;Sekundarstufe II;Berufsfachschule;F;CH;priv;priv;89
16.11.2020;tg;2007;Sekundarstufe II;Heim- und Sonderschule;M;CH;priv;oef;4
16.11.2020;tg;2007;Sekundarstufe II;Berufsfachschule;M;CH;priv;priv;99
16.11.2020;tg;2007;Sekundarstufe II;Berufsfachschule;F;Ausländer;priv;priv;11
16.11.2020;tg;2007;Sekundarstufe II;Berufsfachschule;M;Ausländer;priv;priv;12
16.11.2020;tg;2007;Sekundarstufe II;Mittelschule;M;Ausländer;priv;priv;7
16.11.2020;tg;2007;Sekundarstufe II;Heim- und Sonderschule;F;CH;priv;oef;3
16.11.2020;tg;2007;Sekundarstufe II;Mittelschule;F;Ausländer;oef;oef;116
16.11.2020;tg;2007;Sekundarstufe II;Mittelschule;F;CH;oef;oef;1226
16.11.2020;tg;2007;Sekundarstufe II;Brückenangebot;F;CH;priv;priv;27
16.11.2020;tg;2007;Sekundarstufe II;Brückenangebot;M;CH;priv;oef;22
16.11.2020;tg;2007;Sekundarstufe II;Mittelschule;M;Ausländer;oef;oef;74
16.11.2020;tg;2007;Sekundarstufe II;Heim- und Sonderschule;F;Ausländer;priv;oef;1
16.11.2020;tg;2007;Sekundarstufe II;Brückenangebot;M;CH;oef;oef;60
16.11.2020;tg;2007;Sekundarstufe II;Brückenangebot;M;Ausländer;priv;priv;4
16.11.2020;tg;2007;Sekundarstufe II;Berufsfachschule;F;Ausländer;oef;oef;274
16.11.2020;tg;2007;Sekundarstufe II;Brückenangebot;F;Ausländer;priv;priv;1
16.11.2020;tg;2007;Sekundarstufe II;Brückenangebot;F;Ausländer;priv;oef;18
16.11.2020;tg;2007;Sekundarstufe II;Mittelschule;M;CH;oef;oef;567
16.11.2020;tg;2007;Sekundarstufe II;Brückenangebot;M;Ausländer;priv;oef;13
16.11.2020;tg;2007;Sekundarstufe II;Heim- und Sonderschule;M;Ausländer;priv;oef;2
16.11.2020;tg;2007;Sekundarstufe II;Berufsfachschule;F;CH;oef;oef;1756
16.11.2020;tg;2007;Sekundarstufe II;Berufsfachschule;M;CH;oef;oef;3374
16.11.2020;tg;2007;Sekundarstufe II;Brückenangebot;M;CH;priv;priv;33
16.11.2020;tg;2007;Sekundarstufe II;Berufsfachschule;M;Ausländer;oef;oef;451
16.11.2020;tg;2007;Sekundarstufe II;Mittelschule;M;CH;priv;priv;30
16.11.2020;tg;2007;Sekundarstufe II;Mittelschule;F;CH;priv;priv;34
16.11.2020;tg;2007;Sekundarstufe II;Mittelschule;F;Ausländer;priv;priv;9
16.11.2020;tg;2007;Sekundarstufe II;Brückenangebot;M;Ausländer;oef;oef;28
16.11.2020;tg;2007;Tertiärstufe;Höhere Berufsbildung;M;Ausländer;priv;priv;1
16.11.2020;tg;2007;Tertiärstufe;Höhere Berufsbildung;M;CH;priv;priv;7
16.11.2020;tg;2007;Tertiärstufe;Höhere Berufsbildung;F;Ausländer;oef;oef;19
16.11.2020;tg;2007;Tertiärstufe;Höhere Berufsbildung;M;CH;priv;oef;7
16.11.2020;tg;2007;Tertiärstufe;Höhere Berufsbildung;F;Ausländer;priv;priv;3
16.11.2020;tg;2007;Tertiärstufe;Höhere Berufsbildung;M;Ausländer;oef;oef;2
16.11.2020;tg;2007;Tertiärstufe;Höhere Berufsbildung;M;CH;oef;oef;99
16.11.2020;tg;2007;Tertiärstufe;Höhere Berufsbildung;F;CH;priv;priv;15
16.11.2020;tg;2007;Tertiärstufe;Höhere Berufsbildung;F;CH;oef;oef;217
16.11.2020;tg;2007;Tertiärstufe;Höhere Berufsbildung;F;CH;priv;oef;3
16.11.2020;tg;2008;Kindergartenstufe;Heim- und Sonderschule;F;CH;priv;oef;10
16.11.2020;tg;2008;Kindergartenstufe;Heim- und Sonderschule;M;CH;priv;oef;29
16.11.2020;tg;2008;Kindergartenstufe;Volksschule;F;CH;priv;priv;3
16.11.2020;tg;2008;Kindergartenstufe;Heim- und Sonderschule;M;Ausländer;priv;oef;4
16.11.2020;tg;2008;Kindergartenstufe;Volksschule;F;Ausländer;priv;priv;16
16.11.2020;tg;2008;Kindergartenstufe;Volksschule;M;CH;priv;priv;12
16.11.2020;tg;2008;Kindergartenstufe;Volksschule;F;Ausländer;oef;oef;550
16.11.2020;tg;2008;Kindergartenstufe;Volksschule;F;CH;oef;oef;1885
16.11.2020;tg;2008;Kindergartenstufe;Volksschule;M;Ausländer;priv;priv;9
16.11.2020;tg;2008;Kindergartenstufe;Heim- und Sonderschule;M;Ausländer;oef;oef;1
16.11.2020;tg;2008;Kindergartenstufe;Heim- und Sonderschule;F;CH;oef;oef;1
16.11.2020;tg;2008;Kindergartenstufe;Heim- und Sonderschule;M;CH;oef;oef;3
16.11.2020;tg;2008;Kindergartenstufe;Volksschule;M;Ausländer;oef;oef;621
16.11.2020;tg;2008;Kindergartenstufe;Volksschule;M;CH;oef;oef;1935
16.11.2020;tg;2008;Primarstufe;Volksschule;M;Ausländer;oef;oef;1758
16.11.2020;tg;2008;Primarstufe;Heim- und Sonderschule;M;Ausländer;oef;oef;14
16.11.2020;tg;2008;Primarstufe;Heim- und Sonderschule;F;Ausländer;priv;oef;29
16.11.2020;tg;2008;Primarstufe;Volksschule;M;CH;oef;oef;6683
16.11.2020;tg;2008;Primarstufe;Heim- und Sonderschule;M;CH;oef;oef;41
16.11.2020;tg;2008;Primarstufe;Heim- und Sonderschule;F;Ausländer;oef;oef;11
16.11.2020;tg;2008;Primarstufe;Volksschule;M;Ausländer;priv;priv;54
16.11.2020;tg;2008;Primarstufe;Volksschule;M;CH;priv;priv;77
16.11.2020;tg;2008;Primarstufe;Heim- und Sonderschule;M;CH;priv;oef;198
16.11.2020;tg;2008;Primarstufe;Heim- und Sonderschule;M;Ausländer;priv;oef;69
16.11.2020;tg;2008;Primarstufe;Volksschule;F;CH;priv;priv;87
16.11.2020;tg;2008;Primarstufe;Volksschule;F;Ausländer;oef;oef;1687
16.11.2020;tg;2008;Primarstufe;Heim- und Sonderschule;F;CH;priv;oef;92
16.11.2020;tg;2008;Primarstufe;Volksschule;F;Ausländer;priv;priv;42
16.11.2020;tg;2008;Primarstufe;Heim- und Sonderschule;F;CH;oef;oef;19
16.11.2020;tg;2008;Primarstufe;Volksschule;F;CH;oef;oef;6111
16.11.2020;tg;2008;Sekundarstufe I;Volksschule;F;Ausländer;priv;priv;27
16.11.2020;tg;2008;Sekundarstufe I;Heim- und Sonderschule;M;CH;priv;oef;45
16.11.2020;tg;2008;Sekundarstufe I;Volksschule;M;CH;priv;priv;199
16.11.2020;tg;2008;Sekundarstufe I;Volksschule;M;Ausländer;oef;oef;907
16.11.2020;tg;2008;Sekundarstufe I;Mittelschule;M;Ausländer;oef;oef;15
16.11.2020;tg;2008;Sekundarstufe I;Heim- und Sonderschule;F;CH;oef;oef;13
16.11.2020;tg;2008;Sekundarstufe I;Mittelschule;F;Ausländer;oef;oef;17
16.11.2020;tg;2008;Sekundarstufe I;Mittelschule;M;CH;oef;oef;148
16.11.2020;tg;2008;Sekundarstufe I;Mittelschule;F;CH;oef;oef;162
16.11.2020;tg;2008;Sekundarstufe I;Heim- und Sonderschule;F;CH;priv;oef;12
16.11.2020;tg;2008;Sekundarstufe I;Heim- und Sonderschule;F;Ausländer;priv;oef;3
16.11.2020;tg;2008;Sekundarstufe I;Volksschule;F;CH;oef;oef;3549
16.11.2020;tg;2008;Sekundarstufe I;Heim- und Sonderschule;F;Ausländer;oef;oef;3
16.11.2020;tg;2008;Sekundarstufe I;Volksschule;F;CH;priv;priv;107
16.11.2020;tg;2008;Sekundarstufe I;Heim- und Sonderschule;M;Ausländer;priv;oef;5
16.11.2020;tg;2008;Sekundarstufe I;Heim- und Sonderschule;M;Ausländer;oef;oef;5
16.11.2020;tg;2008;Sekundarstufe I;Heim- und Sonderschule;M;CH;oef;oef;13
16.11.2020;tg;2008;Sekundarstufe I;Volksschule;M;Ausländer;priv;priv;58
16.11.2020;tg;2008;Sekundarstufe I;Volksschule;F;Ausländer;oef;oef;897
16.11.2020;tg;2008;Sekundarstufe I;Volksschule;M;CH;oef;oef;3570
16.11.2020;tg;2008;Sekundarstufe II;Brückenangebot;M;CH;oef;oef;89
16.11.2020;tg;2008;Sekundarstufe II;Mittelschule;M;CH;priv;priv;38
16.11.2020;tg;2008;Sekundarstufe II;Berufsfachschule;M;Ausländer;priv;priv;7
16.11.2020;tg;2008;Sekundarstufe II;Mittelschule;F;Ausländer;priv;priv;7
16.11.2020;tg;2008;Sekundarstufe II;Brückenangebot;M;CH;priv;priv;30
16.11.2020;tg;2008;Sekundarstufe II;Brückenangebot;F;CH;oef;oef;200
16.11.2020;tg;2008;Sekundarstufe II;Mittelschule;F;CH;oef;oef;1204
16.11.2020;tg;2008;Sekundarstufe II;Brückenangebot;M;Ausländer;priv;priv;1
16.11.2020;tg;2008;Sekundarstufe II;Berufsfachschule;F;Ausländer;priv;priv;12
16.11.2020;tg;2008;Sekundarstufe II;Berufsfachschule;F;CH;oef;oef;1829
16.11.2020;tg;2008;Sekundarstufe II;Berufsfachschule;F;CH;priv;priv;73
16.11.2020;tg;2008;Sekundarstufe II;Brückenangebot;F;CH;priv;priv;26
16.11.2020;tg;2008;Sekundarstufe II;Mittelschule;M;Ausländer;priv;priv;10
16.11.2020;tg;2008;Sekundarstufe II;Heim- und Sonderschule;M;Ausländer;priv;oef;1
16.11.2020;tg;2008;Sekundarstufe II;Berufsfachschule;M;Ausländer;oef;oef;486
16.11.2020;tg;2008;Sekundarstufe II;Heim- und Sonderschule;M;CH;priv;oef;6
16.11.2020;tg;2008;Sekundarstufe II;Heim- und Sonderschule;F;Ausländer;priv;oef;2
16.11.2020;tg;2008;Sekundarstufe II;Mittelschule;F;Ausländer;oef;oef;116
16.11.2020;tg;2008;Sekundarstufe II;Berufsfachschule;F;Ausländer;oef;oef;282
16.11.2020;tg;2008;Sekundarstufe II;Mittelschule;M;Ausländer;oef;oef;59
16.11.2020;tg;2008;Sekundarstufe II;Brückenangebot;F;Ausländer;priv;priv;3
16.11.2020;tg;2008;Sekundarstufe II;Mittelschule;F;CH;priv;priv;24
16.11.2020;tg;2008;Sekundarstufe II;Brückenangebot;F;Ausländer;oef;oef;37
16.11.2020;tg;2008;Sekundarstufe II;Mittelschule;M;CH;oef;oef;600
16.11.2020;tg;2008;Sekundarstufe II;Berufsfachschule;M;CH;oef;oef;3363
16.11.2020;tg;2008;Sekundarstufe II;Brückenangebot;M;Ausländer;oef;oef;37
16.11.2020;tg;2008;Sekundarstufe II;Berufsfachschule;M;CH;priv;priv;116
16.11.2020;tg;2008;Sekundarstufe II;Heim- und Sonderschule;F;CH;priv;oef;5
16.11.2020;tg;2008;Tertiärstufe;Fachhochschule und pädagogische Hochschule;F;Ausländer;oef;oef;68
16.11.2020;tg;2008;Tertiärstufe;Höhere Berufsbildung;F;CH;priv;priv;13
16.11.2020;tg;2008;Tertiärstufe;Höhere Berufsbildung;F;Ausländer;priv;priv;3
16.11.2020;tg;2008;Tertiärstufe;Fachhochschule und pädagogische Hochschule;M;Ausländer;oef;oef;24
16.11.2020;tg;2008;Tertiärstufe;Höhere Berufsbildung;F;CH;oef;oef;239
16.11.2020;tg;2008;Tertiärstufe;Höhere Berufsbildung;M;Ausländer;priv;priv;2
16.11.2020;tg;2008;Tertiärstufe;Höhere Berufsbildung;F;Ausländer;oef;oef;23
16.11.2020;tg;2008;Tertiärstufe;Höhere Berufsbildung;M;CH;priv;priv;6
16.11.2020;tg;2008;Tertiärstufe;Höhere Berufsbildung;M;Ausländer;oef;oef;3
16.11.2020;tg;2008;Tertiärstufe;Fachhochschule und pädagogische Hochschule;M;CH;oef;oef;55
16.11.2020;tg;2008;Tertiärstufe;Höhere Berufsbildung;M;CH;oef;oef;108
16.11.2020;tg;2008;Tertiärstufe;Fachhochschule und pädagogische Hochschule;F;CH;oef;oef;269
16.11.2020;tg;2009;Kindergartenstufe;Heim- und Sonderschule;M;Ausländer;oef;oef;2
16.11.2020;tg;2009;Kindergartenstufe;Volksschule;M;CH;oef;oef;2039
16.11.2020;tg;2009;Kindergartenstufe;Volksschule;F;CH;priv;priv;8
16.11.2020;tg;2009;Kindergartenstufe;Volksschule;F;Ausländer;priv;priv;16
16.11.2020;tg;2009;Kindergartenstufe;Volksschule;M;CH;priv;priv;10
16.11.2020;tg;2009;Kindergartenstufe;Volksschule;F;CH;oef;oef;1883
16.11.2020;tg;2009;Kindergartenstufe;Heim- und Sonderschule;M;CH;priv;oef;18
16.11.2020;tg;2009;Kindergartenstufe;Heim- und Sonderschule;M;CH;oef;oef;8
16.11.2020;tg;2009;Kindergartenstufe;Heim- und Sonderschule;F;CH;oef;oef;6
16.11.2020;tg;2009;Kindergartenstufe;Heim- und Sonderschule;F;CH;priv;oef;9
16.11.2020;tg;2009;Kindergartenstufe;Volksschule;M;Ausländer;oef;oef;629
16.11.2020;tg;2009;Kindergartenstufe;Volksschule;F;Ausländer;oef;oef;610
16.11.2020;tg;2009;Kindergartenstufe;Heim- und Sonderschule;M;Ausländer;priv;oef;4
16.11.2020;tg;2009;Kindergartenstufe;Volksschule;M;Ausländer;priv;priv;9
16.11.2020;tg;2009;Primarstufe;Volksschule;F;CH;priv;priv;76
16.11.2020;tg;2009;Primarstufe;Heim- und Sonderschule;F;CH;priv;oef;71
16.11.2020;tg;2009;Primarstufe;Volksschule;F;Ausländer;priv;priv;38
16.11.2020;tg;2009;Primarstufe;Volksschule;F;CH;oef;oef;5983
16.11.2020;tg;2009;Primarstufe;Heim- und Sonderschule;F;CH;oef;oef;14
16.11.2020;tg;2009;Primarstufe;Heim- und Sonderschule;M;CH;priv;oef;187
16.11.2020;tg;2009;Primarstufe;Heim- und Sonderschule;M;Ausländer;priv;oef;52
16.11.2020;tg;2009;Primarstufe;Volksschule;M;Ausländer;priv;priv;58
16.11.2020;tg;2009;Primarstufe;Heim- und Sonderschule;F;Ausländer;oef;oef;7
16.11.2020;tg;2009;Primarstufe;Volksschule;M;Ausländer;oef;oef;1712
16.11.2020;tg;2009;Primarstufe;Heim- und Sonderschule;F;Ausländer;priv;oef;25
16.11.2020;tg;2009;Primarstufe;Volksschule;M;CH;oef;oef;6495
16.11.2020;tg;2009;Primarstufe;Volksschule;F;Ausländer;oef;oef;1712
16.11.2020;tg;2009;Primarstufe;Volksschule;M;CH;priv;priv;74
16.11.2020;tg;2009;Primarstufe;Heim- und Sonderschule;M;CH;oef;oef;35
16.11.2020;tg;2009;Primarstufe;Heim- und Sonderschule;M;Ausländer;oef;oef;13
16.11.2020;tg;2009;Sekundarstufe I;Heim- und Sonderschule;M;CH;priv;oef;60
16.11.2020;tg;2009;Sekundarstufe I;Volksschule;M;CH;priv;priv;181
16.11.2020;tg;2009;Sekundarstufe I;Heim- und Sonderschule;M;CH;oef;oef;10
16.11.2020;tg;2009;Sekundarstufe I;Heim- und Sonderschule;F;Ausländer;priv;oef;7
16.11.2020;tg;2009;Sekundarstufe I;Heim- und Sonderschule;F;CH;priv;oef;38
16.11.2020;tg;2009;Sekundarstufe I;Volksschule;F;Ausländer;priv;priv;31
16.11.2020;tg;2009;Sekundarstufe I;Heim- und Sonderschule;F;Ausländer;oef;oef;4
16.11.2020;tg;2009;Sekundarstufe I;Volksschule;F;CH;priv;priv;94
16.11.2020;tg;2009;Sekundarstufe I;Mittelschule;M;Ausländer;oef;oef;11
16.11.2020;tg;2009;Sekundarstufe I;Mittelschule;F;CH;oef;oef;155
16.11.2020;tg;2009;Sekundarstufe I;Mittelschule;M;CH;oef;oef;149
16.11.2020;tg;2009;Sekundarstufe I;Mittelschule;F;Ausländer;oef;oef;5
16.11.2020;tg;2009;Sekundarstufe I;Volksschule;F;Ausländer;oef;oef;846
16.11.2020;tg;2009;Sekundarstufe I;Heim- und Sonderschule;M;Ausländer;oef;oef;6
16.11.2020;tg;2009;Sekundarstufe I;Volksschule;M;Ausländer;oef;oef;876
16.11.2020;tg;2009;Sekundarstufe I;Volksschule;M;CH;oef;oef;3504
16.11.2020;tg;2009;Sekundarstufe I;Volksschule;M;Ausländer;priv;priv;34
16.11.2020;tg;2009;Sekundarstufe I;Volksschule;F;CH;oef;oef;3408
16.11.2020;tg;2009;Sekundarstufe I;Heim- und Sonderschule;M;Ausländer;priv;oef;20
16.11.2020;tg;2009;Sekundarstufe I;Heim- und Sonderschule;F;CH;oef;oef;15
16.11.2020;tg;2009;Sekundarstufe II;Berufsfachschule;F;CH;oef;oef;1956
16.11.2020;tg;2009;Sekundarstufe II;Brückenangebot;F;Ausländer;priv;priv;1
16.11.2020;tg;2009;Sekundarstufe II;Mittelschule;M;Ausländer;oef;oef;64
16.11.2020;tg;2009;Sekundarstufe II;Brückenangebot;F;CH;oef;oef;173
16.11.2020;tg;2009;Sekundarstufe II;Berufsfachschule;F;Ausländer;oef;oef;278
16.11.2020;tg;2009;Sekundarstufe II;Brückenangebot;M;Ausländer;oef;oef;39
16.11.2020;tg;2009;Sekundarstufe II;Mittelschule;F;CH;oef;oef;1221
16.11.2020;tg;2009;Sekundarstufe II;Heim- und Sonderschule;M;CH;priv;oef;17
16.11.2020;tg;2009;Sekundarstufe II;Mittelschule;F;Ausländer;oef;oef;97
16.11.2020;tg;2009;Sekundarstufe II;Heim- und Sonderschule;F;Ausländer;priv;oef;5
16.11.2020;tg;2009;Sekundarstufe II;Mittelschule;M;CH;priv;priv;34
16.11.2020;tg;2009;Sekundarstufe II;Berufsfachschule;M;CH;priv;priv;91
16.11.2020;tg;2009;Sekundarstufe II;Mittelschule;M;Ausländer;priv;priv;6
16.11.2020;tg;2009;Sekundarstufe II;Berufsfachschule;M;Ausländer;priv;priv;19
16.11.2020;tg;2009;Sekundarstufe II;Berufsfachschule;F;CH;priv;priv;45
16.11.2020;tg;2009;Sekundarstufe II;Mittelschule;F;Ausländer;priv;priv;4
16.11.2020;tg;2009;Sekundarstufe II;Brückenangebot;M;CH;oef;oef;95
16.11.2020;tg;2009;Sekundarstufe II;Berufsfachschule;F;Ausländer;priv;priv;10
16.11.2020;tg;2009;Sekundarstufe II;Brückenangebot;F;CH;priv;priv;17
16.11.2020;tg;2009;Sekundarstufe II;Heim- und Sonderschule;F;CH;priv;oef;7
16.11.2020;tg;2009;Sekundarstufe II;Mittelschule;F;CH;priv;priv;29
16.11.2020;tg;2009;Sekundarstufe II;Brückenangebot;M;CH;priv;priv;25
16.11.2020;tg;2009;Sekundarstufe II;Mittelschule;M;CH;oef;oef;658
16.11.2020;tg;2009;Sekundarstufe II;Brückenangebot;F;Ausländer;oef;oef;66
16.11.2020;tg;2009;Sekundarstufe II;Heim- und Sonderschule;M;Ausländer;priv;oef;6
16.11.2020;tg;2009;Sekundarstufe II;Berufsfachschule;M;Ausländer;oef;oef;443
16.11.2020;tg;2009;Sekundarstufe II;Berufsfachschule;M;CH;oef;oef;3343
16.11.2020;tg;2009;Tertiärstufe;Fachhochschule und pädagogische Hochschule;M;CH;oef;oef;66
16.11.2020;tg;2009;Tertiärstufe;Höhere Berufsbildung;F;Ausländer;oef;oef;19
16.11.2020;tg;2009;Tertiärstufe;Höhere Berufsbildung;F;CH;oef;oef;306
16.11.2020;tg;2009;Tertiärstufe;Höhere Berufsbildung;F;Ausländer;priv;priv;3
16.11.2020;tg;2009;Tertiärstufe;Fachhochschule und pädagogische Hochschule;F;Ausländer;oef;oef;113
16.11.2020;tg;2009;Tertiärstufe;Höhere Berufsbildung;M;Ausländer;oef;oef;6
16.11.2020;tg;2009;Tertiärstufe;Höhere Berufsbildung;F;CH;priv;oef;2
16.11.2020;tg;2009;Tertiärstufe;Höhere Berufsbildung;M;CH;oef;oef;148
16.11.2020;tg;2009;Tertiärstufe;Höhere Berufsbildung;M;CH;priv;priv;13
16.11.2020;tg;2009;Tertiärstufe;Fachhochschule und pädagogische Hochschule;M;Ausländer;oef;oef;31
16.11.2020;tg;2009;Tertiärstufe;Höhere Berufsbildung;F;CH;priv;priv;12
16.11.2020;tg;2009;Tertiärstufe;Fachhochschule und pädagogische Hochschule;F;CH;oef;oef;307
16.11.2020;tg;2009;Tertiärstufe;Höhere Berufsbildung;M;CH;priv;oef;10
16.11.2020;tg;2010;Kindergartenstufe;Heim- und Sonderschule;F;CH;priv;oef;12
16.11.2020;tg;2010;Kindergartenstufe;Heim- und Sonderschule;F;Ausländer;priv;oef;3
16.11.2020;tg;2010;Kindergartenstufe;Volksschule;F;CH;priv;priv;6
16.11.2020;tg;2010;Kindergartenstufe;Volksschule;F;CH;oef;oef;1911
16.11.2020;tg;2010;Kindergartenstufe;Heim- und Sonderschule;M;Ausländer;priv;oef;5
16.11.2020;tg;2010;Kindergartenstufe;Volksschule;M;CH;priv;priv;12
16.11.2020;tg;2010;Kindergartenstufe;Volksschule;M;CH;oef;oef;1972
16.11.2020;tg;2010;Kindergartenstufe;Volksschule;M;Ausländer;oef;oef;561
16.11.2020;tg;2010;Kindergartenstufe;Heim- und Sonderschule;M;Ausländer;oef;oef;3
16.11.2020;tg;2010;Kindergartenstufe;Heim- und Sonderschule;F;CH;oef;oef;5
16.11.2020;tg;2010;Kindergartenstufe;Volksschule;F;Ausländer;oef;oef;635
16.11.2020;tg;2010;Kindergartenstufe;Volksschule;F;Ausländer;priv;priv;12
16.11.2020;tg;2010;Kindergartenstufe;Heim- und Sonderschule;M;CH;oef;oef;11
16.11.2020;tg;2010;Kindergartenstufe;Heim- und Sonderschule;M;CH;priv;oef;29
16.11.2020;tg;2010;Kindergartenstufe;Volksschule;M;Ausländer;priv;priv;9
16.11.2020;tg;2010;Primarstufe;Volksschule;F;Ausländer;priv;priv;53
16.11.2020;tg;2010;Primarstufe;Volksschule;F;Ausländer;oef;oef;1743
16.11.2020;tg;2010;Primarstufe;Heim- und Sonderschule;M;Ausländer;oef;oef;16
16.11.2020;tg;2010;Primarstufe;Heim- und Sonderschule;F;Ausländer;oef;oef;5
16.11.2020;tg;2010;Primarstufe;Heim- und Sonderschule;M;Ausländer;priv;oef;60
16.11.2020;tg;2010;Primarstufe;Heim- und Sonderschule;F;CH;oef;oef;13
16.11.2020;tg;2010;Primarstufe;Volksschule;M;Ausländer;oef;oef;1787
16.11.2020;tg;2010;Primarstufe;Volksschule;M;CH;priv;priv;73
16.11.2020;tg;2010;Primarstufe;Volksschule;M;Ausländer;priv;priv;63
16.11.2020;tg;2010;Primarstufe;Volksschule;M;CH;oef;oef;6362
16.11.2020;tg;2010;Primarstufe;Volksschule;F;CH;priv;priv;86
16.11.2020;tg;2010;Primarstufe;Heim- und Sonderschule;F;CH;priv;oef;71
16.11.2020;tg;2010;Primarstufe;Heim- und Sonderschule;M;CH;priv;oef;151
16.11.2020;tg;2010;Primarstufe;Heim- und Sonderschule;M;CH;oef;oef;32
16.11.2020;tg;2010;Primarstufe;Volksschule;F;CH;oef;oef;5918
16.11.2020;tg;2010;Primarstufe;Heim- und Sonderschule;F;Ausländer;priv;oef;16
16.11.2020;tg;2010;Sekundarstufe I;Volksschule;F;CH;priv;priv;124
16.11.2020;tg;2010;Sekundarstufe I;Mittelschule;M;Ausländer;oef;oef;18
16.11.2020;tg;2010;Sekundarstufe I;Volksschule;F;CH;oef;oef;3263
16.11.2020;tg;2010;Sekundarstufe I;Volksschule;M;CH;priv;priv;171
16.11.2020;tg;2010;Sekundarstufe I;Heim- und Sonderschule;F;Ausländer;oef;oef;4
16.11.2020;tg;2010;Sekundarstufe I;Heim- und Sonderschule;M;CH;priv;oef;81
16.11.2020;tg;2010;Sekundarstufe I;Volksschule;M;CH;oef;oef;3505
16.11.2020;tg;2010;Sekundarstufe I;Volksschule;F;Ausländer;priv;priv;26
16.11.2020;tg;2010;Sekundarstufe I;Heim- und Sonderschule;F;Ausländer;priv;oef;10
16.11.2020;tg;2010;Sekundarstufe I;Heim- und Sonderschule;F;CH;oef;oef;14
16.11.2020;tg;2010;Sekundarstufe I;Heim- und Sonderschule;M;Ausländer;priv;oef;20
16.11.2020;tg;2010;Sekundarstufe I;Volksschule;M;Ausländer;priv;priv;30
16.11.2020;tg;2010;Sekundarstufe I;Mittelschule;F;Ausländer;oef;oef;19
16.11.2020;tg;2010;Sekundarstufe I;Mittelschule;F;CH;oef;oef;131
16.11.2020;tg;2010;Sekundarstufe I;Heim- und Sonderschule;M;Ausländer;oef;oef;7
16.11.2020;tg;2010;Sekundarstufe I;Volksschule;M;Ausländer;oef;oef;846
16.11.2020;tg;2010;Sekundarstufe I;Volksschule;F;Ausländer;oef;oef;827
16.11.2020;tg;2010;Sekundarstufe I;Heim- und Sonderschule;M;CH;oef;oef;12
16.11.2020;tg;2010;Sekundarstufe I;Heim- und Sonderschule;F;CH;priv;oef;39
16.11.2020;tg;2010;Sekundarstufe I;Mittelschule;M;CH;oef;oef;139
16.11.2020;tg;2010;Sekundarstufe II;Mittelschule;F;Ausländer;priv;priv;11
16.11.2020;tg;2010;Sekundarstufe II;Brückenangebot;M;CH;oef;oef;87
16.11.2020;tg;2010;Sekundarstufe II;Brückenangebot;F;Ausländer;oef;oef;68
16.11.2020;tg;2010;Sekundarstufe II;Mittelschule;M;CH;oef;oef;676
16.11.2020;tg;2010;Sekundarstufe II;Heim- und Sonderschule;M;Ausländer;priv;oef;7
16.11.2020;tg;2010;Sekundarstufe II;Brückenangebot;F;CH;priv;priv;11
16.11.2020;tg;2010;Sekundarstufe II;Mittelschule;M;CH;priv;priv;33
16.11.2020;tg;2010;Sekundarstufe II;Mittelschule;F;Ausländer;oef;oef;102
16.11.2020;tg;2010;Sekundarstufe II;Mittelschule;F;CH;oef;oef;1187
16.11.2020;tg;2010;Sekundarstufe II;Mittelschule;M;Ausländer;priv;priv;12
16.11.2020;tg;2010;Sekundarstufe II;Berufsfachschule;F;CH;priv;priv;36
16.11.2020;tg;2010;Sekundarstufe II;Berufsfachschule;M;CH;oef;oef;3221
16.11.2020;tg;2010;Sekundarstufe II;Brückenangebot;M;Ausländer;priv;priv;2
16.11.2020;tg;2010;Sekundarstufe II;Brückenangebot;M;CH;priv;priv;13
16.11.2020;tg;2010;Sekundarstufe II;Brückenangebot;F;CH;oef;oef;180
16.11.2020;tg;2010;Sekundarstufe II;Heim- und Sonderschule;F;Ausländer;priv;oef;4
16.11.2020;tg;2010;Sekundarstufe II;Berufsfachschule;F;Ausländer;priv;priv;7
16.11.2020;tg;2010;Sekundarstufe II;Brückenangebot;M;Ausländer;oef;oef;44
16.11.2020;tg;2010;Sekundarstufe II;Heim- und Sonderschule;F;CH;priv;oef;7
16.11.2020;tg;2010;Sekundarstufe II;Heim- und Sonderschule;M;CH;priv;oef;13
16.11.2020;tg;2010;Sekundarstufe II;Berufsfachschule;M;Ausländer;oef;oef;412
16.11.2020;tg;2010;Sekundarstufe II;Brückenangebot;F;Ausländer;priv;priv;1
16.11.2020;tg;2010;Sekundarstufe II;Berufsfachschule;M;CH;priv;priv;61
16.11.2020;tg;2010;Sekundarstufe II;Berufsfachschule;M;Ausländer;priv;priv;15
16.11.2020;tg;2010;Sekundarstufe II;Mittelschule;F;CH;priv;priv;25
16.11.2020;tg;2010;Sekundarstufe II;Mittelschule;M;Ausländer;oef;oef;62
16.11.2020;tg;2010;Sekundarstufe II;Berufsfachschule;F;Ausländer;oef;oef;290
16.11.2020;tg;2010;Sekundarstufe II;Berufsfachschule;F;CH;oef;oef;1938
16.11.2020;tg;2010;Tertiärstufe;Höhere Berufsbildung;F;CH;oef;oef;268
16.11.2020;tg;2010;Tertiärstufe;Fachhochschule und pädagogische Hochschule;F;CH;oef;oef;319
16.11.2020;tg;2010;Tertiärstufe;Höhere Berufsbildung;M;CH;priv;oef;20
16.11.2020;tg;2010;Tertiärstufe;Höhere Berufsbildung;F;Ausländer;priv;priv;3
16.11.2020;tg;2010;Tertiärstufe;Höhere Berufsbildung;M;Ausländer;oef;oef;13
16.11.2020;tg;2010;Tertiärstufe;Fachhochschule und pädagogische Hochschule;M;Ausländer;oef;oef;46
16.11.2020;tg;2010;Tertiärstufe;Höhere Berufsbildung;F;CH;priv;priv;5
16.11.2020;tg;2010;Tertiärstufe;Fachhochschule und pädagogische Hochschule;M;CH;oef;oef;73
16.11.2020;tg;2010;Tertiärstufe;Höhere Berufsbildung;M;CH;priv;priv;3
16.11.2020;tg;2010;Tertiärstufe;Fachhochschule und pädagogische Hochschule;F;Ausländer;oef;oef;134
16.11.2020;tg;2010;Tertiärstufe;Höhere Berufsbildung;F;CH;priv;oef;19
16.11.2020;tg;2010;Tertiärstufe;Höhere Berufsbildung;M;Ausländer;priv;priv;4
16.11.2020;tg;2010;Tertiärstufe;Höhere Berufsbildung;F;Ausländer;oef;oef;26
16.11.2020;tg;2010;Tertiärstufe;Höhere Berufsbildung;M;Ausländer;priv;oef;2
16.11.2020;tg;2010;Tertiärstufe;Höhere Berufsbildung;M;CH;oef;oef;127
16.11.2020;tg;2011;Kindergartenstufe;Heim- und Sonderschule;M;CH;oef;oef;7
16.11.2020;tg;2011;Kindergartenstufe;Volksschule;F;CH;oef;oef;1835
16.11.2020;tg;2011;Kindergartenstufe;Volksschule;F;Ausländer;priv;priv;8
16.11.2020;tg;2011;Kindergartenstufe;Volksschule;M;Ausländer;oef;oef;564
16.11.2020;tg;2011;Kindergartenstufe;Volksschule;M;Ausländer;priv;priv;11
16.11.2020;tg;2011;Kindergartenstufe;Heim- und Sonderschule;M;Ausländer;priv;oef;9
16.11.2020;tg;2011;Kindergartenstufe;Heim- und Sonderschule;F;Ausländer;priv;oef;2
16.11.2020;tg;2011;Kindergartenstufe;Heim- und Sonderschule;F;CH;priv;oef;18
16.11.2020;tg;2011;Kindergartenstufe;Heim- und Sonderschule;M;Ausländer;oef;oef;1
16.11.2020;tg;2011;Kindergartenstufe;Volksschule;M;CH;priv;priv;13
16.11.2020;tg;2011;Kindergartenstufe;Volksschule;F;CH;priv;priv;7
16.11.2020;tg;2011;Kindergartenstufe;Volksschule;F;Ausländer;oef;oef;579
16.11.2020;tg;2011;Kindergartenstufe;Heim- und Sonderschule;M;CH;priv;oef;22
16.11.2020;tg;2011;Kindergartenstufe;Volksschule;M;CH;oef;oef;1887
16.11.2020;tg;2011;Primarstufe;Heim- und Sonderschule;M;Ausländer;oef;oef;15
16.11.2020;tg;2011;Primarstufe;Heim- und Sonderschule;M;CH;oef;oef;36
16.11.2020;tg;2011;Primarstufe;Volksschule;F;Ausländer;oef;oef;1793
16.11.2020;tg;2011;Primarstufe;Volksschule;F;CH;oef;oef;5814
16.11.2020;tg;2011;Primarstufe;Heim- und Sonderschule;F;Ausländer;priv;oef;19
16.11.2020;tg;2011;Primarstufe;Volksschule;F;Ausländer;priv;priv;43
16.11.2020;tg;2011;Primarstufe;Heim- und Sonderschule;F;CH;oef;oef;15
16.11.2020;tg;2011;Primarstufe;Heim- und Sonderschule;M;CH;priv;oef;161
16.11.2020;tg;2011;Primarstufe;Volksschule;F;CH;priv;priv;77
16.11.2020;tg;2011;Primarstufe;Heim- und Sonderschule;F;Ausländer;oef;oef;4
16.11.2020;tg;2011;Primarstufe;Heim- und Sonderschule;M;Ausländer;priv;oef;56
16.11.2020;tg;2011;Primarstufe;Volksschule;M;CH;priv;priv;71
16.11.2020;tg;2011;Primarstufe;Heim- und Sonderschule;F;CH;priv;oef;73
16.11.2020;tg;2011;Primarstufe;Volksschule;M;Ausländer;priv;priv;51
16.11.2020;tg;2011;Primarstufe;Volksschule;M;CH;oef;oef;6250
16.11.2020;tg;2011;Primarstufe;Volksschule;M;Ausländer;oef;oef;1850
16.11.2020;tg;2011;Sekundarstufe I;Heim- und Sonderschule;M;Ausländer;priv;oef;22
16.11.2020;tg;2011;Sekundarstufe I;Volksschule;M;CH;oef;oef;3450
16.11.2020;tg;2011;Sekundarstufe I;Volksschule;M;Ausländer;oef;oef;846
16.11.2020;tg;2011;Sekundarstufe I;Heim- und Sonderschule;F;CH;priv;oef;34
16.11.2020;tg;2011;Sekundarstufe I;Volksschule;F;CH;oef;oef;3143
16.11.2020;tg;2011;Sekundarstufe I;Mittelschule;M;CH;oef;oef;111
16.11.2020;tg;2011;Sekundarstufe I;Volksschule;F;CH;priv;priv;99
16.11.2020;tg;2011;Sekundarstufe I;Heim- und Sonderschule;M;CH;oef;oef;12
16.11.2020;tg;2011;Sekundarstufe I;Heim- und Sonderschule;M;Ausländer;oef;oef;8
16.11.2020;tg;2011;Sekundarstufe I;Heim- und Sonderschule;F;Ausländer;priv;oef;10
16.11.2020;tg;2011;Sekundarstufe I;Mittelschule;M;Ausländer;oef;oef;7
16.11.2020;tg;2011;Sekundarstufe I;Heim- und Sonderschule;M;CH;priv;oef;73
16.11.2020;tg;2011;Sekundarstufe I;Heim- und Sonderschule;F;Ausländer;oef;oef;4
16.11.2020;tg;2011;Sekundarstufe I;Volksschule;M;CH;priv;priv;148
16.11.2020;tg;2011;Sekundarstufe I;Mittelschule;F;CH;oef;oef;152
16.11.2020;tg;2011;Sekundarstufe I;Mittelschule;F;Ausländer;oef;oef;13
16.11.2020;tg;2011;Sekundarstufe I;Volksschule;M;Ausländer;priv;priv;39
16.11.2020;tg;2011;Sekundarstufe I;Volksschule;F;Ausländer;oef;oef;842
16.11.2020;tg;2011;Sekundarstufe I;Volksschule;F;Ausländer;priv;priv;43
16.11.2020;tg;2011;Sekundarstufe I;Heim- und Sonderschule;F;CH;oef;oef;12
16.11.2020;tg;2011;Sekundarstufe II;Berufsfachschule;M;Ausländer;oef;oef;433
16.11.2020;tg;2011;Sekundarstufe II;Berufsfachschule;M;CH;oef;oef;3293
16.11.2020;tg;2011;Sekundarstufe II;Mittelschule;M;Ausländer;oef;oef;71
16.11.2020;tg;2011;Sekundarstufe II;Berufsfachschule;F;Ausländer;oef;oef;314
16.11.2020;tg;2011;Sekundarstufe II;Mittelschule;M;Ausländer;priv;priv;7
16.11.2020;tg;2011;Sekundarstufe II;Berufsfachschule;F;CH;oef;oef;1952
16.11.2020;tg;2011;Sekundarstufe II;Brückenangebot;F;CH;priv;priv;16
16.11.2020;tg;2011;Sekundarstufe II;Mittelschule;F;Ausländer;oef;oef;100
16.11.2020;tg;2011;Sekundarstufe II;Heim- und Sonderschule;M;CH;priv;oef;13
16.11.2020;tg;2011;Sekundarstufe II;Mittelschule;M;CH;oef;oef;703
16.11.2020;tg;2011;Sekundarstufe II;Berufsfachschule;F;CH;priv;priv;42
16.11.2020;tg;2011;Sekundarstufe II;Berufsfachschule;M;Ausländer;priv;priv;14
16.11.2020;tg;2011;Sekundarstufe II;Brückenangebot;M;Ausländer;priv;priv;1
16.11.2020;tg;2011;Sekundarstufe II;Mittelschule;M;CH;priv;priv;30
16.11.2020;tg;2011;Sekundarstufe II;Berufsfachschule;M;CH;priv;priv;60
16.11.2020;tg;2011;Sekundarstufe II;Mittelschule;F;Ausländer;priv;priv;9
16.11.2020;tg;2011;Sekundarstufe II;Brückenangebot;M;CH;oef;oef;75
16.11.2020;tg;2011;Sekundarstufe II;Heim- und Sonderschule;F;CH;priv;oef;9
16.11.2020;tg;2011;Sekundarstufe II;Berufsfachschule;F;Ausländer;priv;priv;7
16.11.2020;tg;2011;Sekundarstufe II;Brückenangebot;M;CH;priv;priv;17
16.11.2020;tg;2011;Sekundarstufe II;Brückenangebot;M;Ausländer;oef;oef;44
16.11.2020;tg;2011;Sekundarstufe II;Heim- und Sonderschule;F;Ausländer;priv;oef;5
16.11.2020;tg;2011;Sekundarstufe II;Mittelschule;F;CH;priv;priv;12
16.11.2020;tg;2011;Sekundarstufe II;Heim- und Sonderschule;M;Ausländer;priv;oef;3
16.11.2020;tg;2011;Sekundarstufe II;Brückenangebot;F;Ausländer;oef;oef;80
16.11.2020;tg;2011;Sekundarstufe II;Brückenangebot;F;CH;oef;oef;182
16.11.2020;tg;2011;Sekundarstufe II;Brückenangebot;F;Ausländer;priv;priv;2
16.11.2020;tg;2011;Sekundarstufe II;Mittelschule;F;CH;oef;oef;1156
16.11.2020;tg;2011;Tertiärstufe;Höhere Berufsbildung;M;CH;priv;priv;6
16.11.2020;tg;2011;Tertiärstufe;Fachhochschule und pädagogische Hochschule;M;CH;oef;oef;78
16.11.2020;tg;2011;Tertiärstufe;Fachhochschule und pädagogische Hochschule;F;Ausländer;oef;oef;163
16.11.2020;tg;2011;Tertiärstufe;Höhere Berufsbildung;F;Ausländer;priv;priv;3
16.11.2020;tg;2011;Tertiärstufe;Höhere Berufsbildung;F;CH;priv;oef;9
16.11.2020;tg;2011;Tertiärstufe;Fachhochschule und pädagogische Hochschule;M;Ausländer;oef;oef;49
16.11.2020;tg;2011;Tertiärstufe;Höhere Berufsbildung;M;Ausländer;priv;priv;3
16.11.2020;tg;2011;Tertiärstufe;Höhere Berufsbildung;M;Ausländer;priv;oef;1
16.11.2020;tg;2011;Tertiärstufe;Höhere Berufsbildung;F;CH;priv;priv;2
16.11.2020;tg;2011;Tertiärstufe;Höhere Berufsbildung;M;CH;priv;oef;10
16.11.2020;tg;2011;Tertiärstufe;Höhere Berufsbildung;F;Ausländer;oef;oef;26
16.11.2020;tg;2011;Tertiärstufe;Höhere Berufsbildung;M;CH;oef;oef;157
16.11.2020;tg;2011;Tertiärstufe;Höhere Berufsbildung;F;CH;oef;oef;265
16.11.2020;tg;2011;Tertiärstufe;Fachhochschule und pädagogische Hochschule;F;CH;oef;oef;341
16.11.2020;tg;2011;Tertiärstufe;Höhere Berufsbildung;M;Ausländer;oef;oef;23
16.11.2020;tg;2012;Kindergartenstufe;Volksschule;F;Ausländer;priv;priv;6
16.11.2020;tg;2012;Kindergartenstufe;Heim- und Sonderschule;M;CH;oef;oef;5
16.11.2020;tg;2012;Kindergartenstufe;Heim- und Sonderschule;M;CH;priv;oef;28
16.11.2020;tg;2012;Kindergartenstufe;Volksschule;M;CH;oef;oef;1927
16.11.2020;tg;2012;Kindergartenstufe;Volksschule;M;Ausländer;priv;priv;5
16.11.2020;tg;2012;Kindergartenstufe;Volksschule;M;CH;priv;priv;17
16.11.2020;tg;2012;Kindergartenstufe;Heim- und Sonderschule;F;CH;priv;oef;15
16.11.2020;tg;2012;Kindergartenstufe;Volksschule;F;CH;oef;oef;1838
16.11.2020;tg;2012;Kindergartenstufe;Heim- und Sonderschule;M;Ausländer;priv;oef;6
16.11.2020;tg;2012;Kindergartenstufe;Volksschule;F;Ausländer;oef;oef;569
16.11.2020;tg;2012;Kindergartenstufe;Volksschule;M;Ausländer;oef;oef;604
16.11.2020;tg;2012;Kindergartenstufe;Heim- und Sonderschule;F;Ausländer;priv;oef;2
16.11.2020;tg;2012;Kindergartenstufe;Volksschule;F;CH;priv;priv;9
16.11.2020;tg;2012;Primarstufe;Volksschule;F;CH;priv;priv;73
16.11.2020;tg;2012;Primarstufe;Heim- und Sonderschule;M;CH;oef;oef;34
16.11.2020;tg;2012;Primarstufe;Volksschule;M;Ausländer;oef;oef;1877
16.11.2020;tg;2012;Primarstufe;Heim- und Sonderschule;M;Ausländer;oef;oef;15
16.11.2020;tg;2012;Primarstufe;Heim- und Sonderschule;M;CH;priv;oef;160
16.11.2020;tg;2012;Primarstufe;Heim- und Sonderschule;F;Ausländer;priv;oef;21
16.11.2020;tg;2012;Primarstufe;Heim- und Sonderschule;F;Ausländer;oef;oef;3
16.11.2020;tg;2012;Primarstufe;Volksschule;M;CH;priv;priv;85
16.11.2020;tg;2012;Primarstufe;Volksschule;M;CH;oef;oef;6097
16.11.2020;tg;2012;Primarstufe;Heim- und Sonderschule;F;CH;priv;oef;69
16.11.2020;tg;2012;Primarstufe;Volksschule;F;CH;oef;oef;5782
16.11.2020;tg;2012;Primarstufe;Volksschule;F;Ausländer;priv;priv;40
16.11.2020;tg;2012;Primarstufe;Volksschule;F;Ausländer;oef;oef;1846
16.11.2020;tg;2012;Primarstufe;Heim- und Sonderschule;M;Ausländer;priv;oef;64
16.11.2020;tg;2012;Primarstufe;Volksschule;M;Ausländer;priv;priv;48
16.11.2020;tg;2012;Primarstufe;Heim- und Sonderschule;F;CH;oef;oef;14
16.11.2020;tg;2012;Sekundarstufe I;Heim- und Sonderschule;M;CH;priv;oef;78
16.11.2020;tg;2012;Sekundarstufe I;Volksschule;F;CH;priv;priv;98
16.11.2020;tg;2012;Sekundarstufe I;Volksschule;M;CH;priv;priv;153
16.11.2020;tg;2012;Sekundarstufe I;Heim- und Sonderschule;F;Ausländer;oef;oef;2
16.11.2020;tg;2012;Sekundarstufe I;Mittelschule;F;Ausländer;oef;oef;15
16.11.2020;tg;2012;Sekundarstufe I;Mittelschule;M;Ausländer;oef;oef;8
16.11.2020;tg;2012;Sekundarstufe I;Volksschule;M;Ausländer;oef;oef;877
16.11.2020;tg;2012;Sekundarstufe I;Mittelschule;F;CH;oef;oef;131
16.11.2020;tg;2012;Sekundarstufe I;Heim- und Sonderschule;M;Ausländer;oef;oef;8
16.11.2020;tg;2012;Sekundarstufe I;Heim- und Sonderschule;F;CH;priv;oef;37
16.11.2020;tg;2012;Sekundarstufe I;Volksschule;F;Ausländer;oef;oef;926
16.11.2020;tg;2012;Sekundarstufe I;Heim- und Sonderschule;F;Ausländer;priv;oef;10
16.11.2020;tg;2012;Sekundarstufe I;Heim- und Sonderschule;M;Ausländer;priv;oef;26
16.11.2020;tg;2012;Sekundarstufe I;Volksschule;F;Ausländer;priv;priv;38
16.11.2020;tg;2012;Sekundarstufe I;Heim- und Sonderschule;M;CH;oef;oef;11
16.11.2020;tg;2012;Sekundarstufe I;Volksschule;M;CH;oef;oef;3343
16.11.2020;tg;2012;Sekundarstufe I;Volksschule;F;CH;oef;oef;3066
16.11.2020;tg;2012;Sekundarstufe I;Volksschule;M;Ausländer;priv;priv;41
16.11.2020;tg;2012;Sekundarstufe I;Heim- und Sonderschule;F;CH;oef;oef;10
16.11.2020;tg;2012;Sekundarstufe I;Mittelschule;M;CH;oef;oef;124
16.11.2020;tg;2012;Sekundarstufe II;Mittelschule;F;Ausländer;oef;oef;102
16.11.2020;tg;2012;Sekundarstufe II;Brückenangebot;F;Ausländer;oef;oef;66
16.11.2020;tg;2012;Sekundarstufe II;Brückenangebot;F;CH;priv;priv;15
16.11.2020;tg;2012;Sekundarstufe II;Brückenangebot;M;Ausländer;priv;priv;1
16.11.2020;tg;2012;Sekundarstufe II;Berufsfachschule;F;Ausländer;priv;priv;6
16.11.2020;tg;2012;Sekundarstufe II;Berufsfachschule;M;Ausländer;priv;priv;19
16.11.2020;tg;2012;Sekundarstufe II;Berufsfachschule;M;Ausländer;oef;oef;472
16.11.2020;tg;2012;Sekundarstufe II;Heim- und Sonderschule;M;Ausländer;priv;oef;5
16.11.2020;tg;2012;Sekundarstufe II;Heim- und Sonderschule;M;CH;priv;oef;14
16.11.2020;tg;2012;Sekundarstufe II;Heim- und Sonderschule;F;Ausländer;priv;oef;4
16.11.2020;tg;2012;Sekundarstufe II;Mittelschule;F;CH;priv;priv;15
16.11.2020;tg;2012;Sekundarstufe II;Mittelschule;F;CH;oef;oef;1128
16.11.2020;tg;2012;Sekundarstufe II;Brückenangebot;M;CH;priv;priv;19
16.11.2020;tg;2012;Sekundarstufe II;Mittelschule;M;Ausländer;oef;oef;61
16.11.2020;tg;2012;Sekundarstufe II;Berufsfachschule;F;CH;priv;priv;44
16.11.2020;tg;2012;Sekundarstufe II;Mittelschule;M;CH;oef;oef;677
16.11.2020;tg;2012;Sekundarstufe II;Berufsfachschule;F;Ausländer;oef;oef;348
16.11.2020;tg;2012;Sekundarstufe II;Berufsfachschule;F;CH;oef;oef;1904
16.11.2020;tg;2012;Sekundarstufe II;Brückenangebot;F;CH;oef;oef;161
16.11.2020;tg;2012;Sekundarstufe II;Heim- und Sonderschule;F;CH;priv;oef;9
16.11.2020;tg;2012;Sekundarstufe II;Berufsfachschule;M;CH;priv;priv;74
16.11.2020;tg;2012;Sekundarstufe II;Mittelschule;F;Ausländer;priv;priv;8
16.11.2020;tg;2012;Sekundarstufe II;Mittelschule;M;Ausländer;priv;priv;7
16.11.2020;tg;2012;Sekundarstufe II;Berufsfachschule;M;CH;oef;oef;3307
16.11.2020;tg;2012;Sekundarstufe II;Brückenangebot;M;Ausländer;oef;oef;46
16.11.2020;tg;2012;Sekundarstufe II;Mittelschule;M;CH;priv;priv;32
16.11.2020;tg;2012;Sekundarstufe II;Brückenangebot;M;CH;oef;oef;72
16.11.2020;tg;2012;Tertiärstufe;Höhere Berufsbildung;F;Ausländer;oef;oef;21
16.11.2020;tg;2012;Tertiärstufe;Fachhochschule und pädagogische Hochschule;M;CH;oef;oef;101
16.11.2020;tg;2012;Tertiärstufe;Höhere Berufsbildung;F;Ausländer;priv;oef;1
16.11.2020;tg;2012;Tertiärstufe;Höhere Berufsbildung;F;CH;oef;oef;274
16.11.2020;tg;2012;Tertiärstufe;Fachhochschule und pädagogische Hochschule;M;Ausländer;oef;oef;51
16.11.2020;tg;2012;Tertiärstufe;Höhere Berufsbildung;M;Ausländer;priv;oef;3
16.11.2020;tg;2012;Tertiärstufe;Höhere Berufsbildung;F;Ausländer;priv;priv;2
16.11.2020;tg;2012;Tertiärstufe;Fachhochschule und pädagogische Hochschule;F;Ausländer;oef;oef;149
16.11.2020;tg;2012;Tertiärstufe;Höhere Berufsbildung;M;CH;oef;oef;146
16.11.2020;tg;2012;Tertiärstufe;Höhere Berufsbildung;M;Ausländer;oef;oef;23
16.11.2020;tg;2012;Tertiärstufe;Höhere Berufsbildung;F;CH;priv;priv;4
16.11.2020;tg;2012;Tertiärstufe;Fachhochschule und pädagogische Hochschule;F;CH;oef;oef;357
16.11.2020;tg;2012;Tertiärstufe;Höhere Berufsbildung;F;CH;priv;oef;6
16.11.2020;tg;2012;Tertiärstufe;Höhere Berufsbildung;M;CH;priv;oef;16
16.11.2020;tg;2012;Tertiärstufe;Höhere Berufsbildung;M;CH;priv;priv;3
16.11.2020;tg;2013;Kindergartenstufe;Heim- und Sonderschule;F;CH;oef;oef;2
16.11.2020;tg;2013;Kindergartenstufe;Volksschule;M;CH;oef;oef;2039
16.11.2020;tg;2013;Kindergartenstufe;Volksschule;M;Ausländer;oef;oef;648
16.11.2020;tg;2013;Kindergartenstufe;Heim- und Sonderschule;M;Ausländer;oef;oef;4
16.11.2020;tg;2013;Kindergartenstufe;Volksschule;F;Ausländer;oef;oef;575
16.11.2020;tg;2013;Kindergartenstufe;Heim- und Sonderschule;M;CH;oef;oef;8
16.11.2020;tg;2013;Kindergartenstufe;Heim- und Sonderschule;M;Ausländer;priv;oef;6
16.11.2020;tg;2013;Kindergartenstufe;Heim- und Sonderschule;M;CH;priv;oef;30
16.11.2020;tg;2013;Kindergartenstufe;Heim- und Sonderschule;F;Ausländer;oef;oef;1
16.11.2020;tg;2013;Kindergartenstufe;Volksschule;F;Ausländer;priv;priv;12
16.11.2020;tg;2013;Kindergartenstufe;Volksschule;F;CH;priv;priv;16
16.11.2020;tg;2013;Kindergartenstufe;Heim- und Sonderschule;F;CH;priv;oef;12
16.11.2020;tg;2013;Kindergartenstufe;Volksschule;F;CH;oef;oef;1912
16.11.2020;tg;2013;Kindergartenstufe;Volksschule;M;Ausländer;priv;priv;9
16.11.2020;tg;2013;Kindergartenstufe;Volksschule;M;CH;priv;priv;19
16.11.2020;tg;2013;Kindergartenstufe;Heim- und Sonderschule;F;Ausländer;priv;oef;3
16.11.2020;tg;2013;Primarstufe;Heim- und Sonderschule;F;Ausländer;priv;oef;18
16.11.2020;tg;2013;Primarstufe;Volksschule;M;Ausländer;oef;oef;1900
16.11.2020;tg;2013;Primarstufe;Volksschule;F;CH;priv;priv;62
16.11.2020;tg;2013;Primarstufe;Heim- und Sonderschule;M;CH;priv;oef;144
16.11.2020;tg;2013;Primarstufe;Volksschule;M;CH;priv;priv;79
16.11.2020;tg;2013;Primarstufe;Volksschule;F;CH;oef;oef;5713
16.11.2020;tg;2013;Primarstufe;Heim- und Sonderschule;F;CH;oef;oef;9
16.11.2020;tg;2013;Primarstufe;Volksschule;M;CH;oef;oef;5955
16.11.2020;tg;2013;Primarstufe;Heim- und Sonderschule;F;CH;priv;oef;63
16.11.2020;tg;2013;Primarstufe;Volksschule;F;Ausländer;priv;priv;35
16.11.2020;tg;2013;Primarstufe;Heim- und Sonderschule;M;CH;oef;oef;29
16.11.2020;tg;2013;Primarstufe;Heim- und Sonderschule;M;Ausländer;priv;oef;59
16.11.2020;tg;2013;Primarstufe;Volksschule;M;Ausländer;priv;priv;40
16.11.2020;tg;2013;Primarstufe;Heim- und Sonderschule;M;Ausländer;oef;oef;11
16.11.2020;tg;2013;Primarstufe;Heim- und Sonderschule;F;Ausländer;oef;oef;2
16.11.2020;tg;2013;Primarstufe;Volksschule;F;Ausländer;oef;oef;1865
16.11.2020;tg;2013;Sekundarstufe I;Heim- und Sonderschule;M;Ausländer;oef;oef;8
16.11.2020;tg;2013;Sekundarstufe I;Heim- und Sonderschule;M;CH;priv;oef;75
16.11.2020;tg;2013;Sekundarstufe I;Volksschule;M;CH;priv;priv;131
16.11.2020;tg;2013;Sekundarstufe I;Volksschule;M;Ausländer;oef;oef;925
16.11.2020;tg;2013;Sekundarstufe I;Volksschule;F;CH;oef;oef;2991
16.11.2020;tg;2013;Sekundarstufe I;Heim- und Sonderschule;M;CH;oef;oef;12
16.11.2020;tg;2013;Sekundarstufe I;Mittelschule;M;Ausländer;oef;oef;7
16.11.2020;tg;2013;Sekundarstufe I;Mittelschule;M;CH;oef;oef;126
16.11.2020;tg;2013;Sekundarstufe I;Volksschule;F;CH;priv;priv;101
16.11.2020;tg;2013;Sekundarstufe I;Heim- und Sonderschule;F;CH;priv;oef;37
16.11.2020;tg;2013;Sekundarstufe I;Volksschule;F;Ausländer;oef;oef;877
16.11.2020;tg;2013;Sekundarstufe I;Heim- und Sonderschule;F;Ausländer;oef;oef;4
16.11.2020;tg;2013;Sekundarstufe I;Volksschule;F;Ausländer;priv;priv;35
16.11.2020;tg;2013;Sekundarstufe I;Heim- und Sonderschule;F;Ausländer;priv;oef;13
16.11.2020;tg;2013;Sekundarstufe I;Volksschule;M;Ausländer;priv;priv;28
16.11.2020;tg;2013;Sekundarstufe I;Volksschule;M;CH;oef;oef;3249
16.11.2020;tg;2013;Sekundarstufe I;Heim- und Sonderschule;M;Ausländer;priv;oef;25
16.11.2020;tg;2013;Sekundarstufe I;Mittelschule;F;Ausländer;oef;oef;13
16.11.2020;tg;2013;Sekundarstufe I;Heim- und Sonderschule;F;CH;oef;oef;9
16.11.2020;tg;2013;Sekundarstufe I;Mittelschule;F;CH;oef;oef;126
16.11.2020;tg;2013;Sekundarstufe II;Brückenangebot;M;CH;priv;priv;10
16.11.2020;tg;2013;Sekundarstufe II;Berufsfachschule;F;Ausländer;priv;priv;6
16.11.2020;tg;2013;Sekundarstufe II;Brückenangebot;F;Ausländer;oef;oef;59
16.11.2020;tg;2013;Sekundarstufe II;Mittelschule;F;Ausländer;priv;priv;14
16.11.2020;tg;2013;Sekundarstufe II;Berufsfachschule;M;CH;oef;oef;3179
16.11.2020;tg;2013;Sekundarstufe II;Berufsfachschule;M;CH;priv;priv;80
16.11.2020;tg;2013;Sekundarstufe II;Mittelschule;F;CH;oef;oef;1101
16.11.2020;tg;2013;Sekundarstufe II;Mittelschule;F;Ausländer;oef;oef;95
16.11.2020;tg;2013;Sekundarstufe II;Brückenangebot;M;CH;oef;oef;76
16.11.2020;tg;2013;Sekundarstufe II;Brückenangebot;F;CH;priv;priv;7
16.11.2020;tg;2013;Sekundarstufe II;Berufsfachschule;F;CH;oef;oef;1818
16.11.2020;tg;2013;Sekundarstufe II;Heim- und Sonderschule;F;CH;priv;oef;12
16.11.2020;tg;2013;Sekundarstufe II;Mittelschule;M;CH;oef;oef;640
16.11.2020;tg;2013;Sekundarstufe II;Brückenangebot;F;Ausländer;priv;priv;1
16.11.2020;tg;2013;Sekundarstufe II;Berufsfachschule;F;Ausländer;oef;oef;392
16.11.2020;tg;2013;Sekundarstufe II;Berufsfachschule;F;CH;priv;priv;50
16.11.2020;tg;2013;Sekundarstufe II;Brückenangebot;M;Ausländer;oef;oef;43
16.11.2020;tg;2013;Sekundarstufe II;Mittelschule;M;Ausländer;oef;oef;58
16.11.2020;tg;2013;Sekundarstufe II;Brückenangebot;F;CH;oef;oef;112
16.11.2020;tg;2013;Sekundarstufe II;Mittelschule;F;CH;priv;priv;14
16.11.2020;tg;2013;Sekundarstufe II;Heim- und Sonderschule;F;Ausländer;priv;oef;7
16.11.2020;tg;2013;Sekundarstufe II;Heim- und Sonderschule;M;Ausländer;priv;oef;3
16.11.2020;tg;2013;Sekundarstufe II;Mittelschule;M;Ausländer;priv;priv;17
16.11.2020;tg;2013;Sekundarstufe II;Berufsfachschule;M;Ausländer;oef;oef;495
16.11.2020;tg;2013;Sekundarstufe II;Berufsfachschule;M;Ausländer;priv;priv;8
16.11.2020;tg;2013;Sekundarstufe II;Heim- und Sonderschule;M;CH;priv;oef;13
16.11.2020;tg;2013;Sekundarstufe II;Mittelschule;M;CH;priv;priv;31
16.11.2020;tg;2013;Tertiärstufe;Fachhochschule und pädagogische Hochschule;F;Ausländer;oef;oef;170
16.11.2020;tg;2013;Tertiärstufe;Höhere Berufsbildung;M;CH;priv;priv;10
16.11.2020;tg;2013;Tertiärstufe;Höhere Berufsbildung;F;CH;priv;oef;5
16.11.2020;tg;2013;Tertiärstufe;Höhere Berufsbildung;F;Ausländer;oef;oef;19
16.11.2020;tg;2013;Tertiärstufe;Höhere Berufsbildung;F;CH;oef;oef;301
16.11.2020;tg;2013;Tertiärstufe;Höhere Berufsbildung;M;Ausländer;priv;oef;1
16.11.2020;tg;2013;Tertiärstufe;Fachhochschule und pädagogische Hochschule;F;CH;oef;oef;393
16.11.2020;tg;2013;Tertiärstufe;Höhere Berufsbildung;M;CH;oef;oef;130
16.11.2020;tg;2013;Tertiärstufe;Höhere Berufsbildung;F;CH;priv;priv;4
16.11.2020;tg;2013;Tertiärstufe;Höhere Berufsbildung;M;Ausländer;oef;oef;21
16.11.2020;tg;2013;Tertiärstufe;Fachhochschule und pädagogische Hochschule;M;CH;oef;oef;133
16.11.2020;tg;2013;Tertiärstufe;Fachhochschule und pädagogische Hochschule;M;Ausländer;oef;oef;64
16.11.2020;tg;2013;Tertiärstufe;Höhere Berufsbildung;M;CH;priv;oef;4
16.11.2020;tg;2013;Tertiärstufe;Höhere Berufsbildung;F;Ausländer;priv;oef;1
16.11.2020;tg;2014;Kindergartenstufe;Volksschule;F;Ausländer;oef;oef;584
16.11.2020;tg;2014;Kindergartenstufe;Volksschule;F;CH;priv;priv;12
16.11.2020;tg;2014;Kindergartenstufe;Heim- und Sonderschule;F;CH;oef;oef;3
16.11.2020;tg;2014;Kindergartenstufe;Volksschule;M;CH;oef;oef;2061
16.11.2020;tg;2014;Kindergartenstufe;Volksschule;M;CH;priv;priv;17
16.11.2020;tg;2014;Kindergartenstufe;Heim- und Sonderschule;M;Ausländer;priv;oef;12
16.11.2020;tg;2014;Kindergartenstufe;Volksschule;M;Ausländer;priv;priv;15
16.11.2020;tg;2014;Kindergartenstufe;Heim- und Sonderschule;M;CH;priv;oef;30
16.11.2020;tg;2014;Kindergartenstufe;Volksschule;M;Ausländer;oef;oef;685
16.11.2020;tg;2014;Kindergartenstufe;Heim- und Sonderschule;M;CH;oef;oef;11
16.11.2020;tg;2014;Kindergartenstufe;Heim- und Sonderschule;F;CH;priv;oef;18
16.11.2020;tg;2014;Kindergartenstufe;Volksschule;F;Ausländer;priv;priv;12
16.11.2020;tg;2014;Kindergartenstufe;Volksschule;F;CH;oef;oef;1891
16.11.2020;tg;2014;Kindergartenstufe;Heim- und Sonderschule;F;Ausländer;oef;oef;1
16.11.2020;tg;2014;Kindergartenstufe;Heim- und Sonderschule;M;Ausländer;oef;oef;8
16.11.2020;tg;2014;Primarstufe;Volksschule;F;Ausländer;priv;priv;31
16.11.2020;tg;2014;Primarstufe;Volksschule;M;Ausländer;priv;priv;33
16.11.2020;tg;2014;Primarstufe;Heim- und Sonderschule;M;CH;oef;oef;30
16.11.2020;tg;2014;Primarstufe;Heim- und Sonderschule;M;Ausländer;oef;oef;10
16.11.2020;tg;2014;Primarstufe;Heim- und Sonderschule;F;Ausländer;oef;oef;4
16.11.2020;tg;2014;Primarstufe;Heim- und Sonderschule;M;Ausländer;priv;oef;61
16.11.2020;tg;2014;Primarstufe;Volksschule;M;CH;priv;priv;76
16.11.2020;tg;2014;Primarstufe;Heim- und Sonderschule;F;CH;priv;oef;55
16.11.2020;tg;2014;Primarstufe;Heim- und Sonderschule;F;Ausländer;priv;oef;16
16.11.2020;tg;2014;Primarstufe;Volksschule;M;CH;oef;oef;6013
16.11.2020;tg;2014;Primarstufe;Volksschule;F;CH;priv;priv;60
16.11.2020;tg;2014;Primarstufe;Volksschule;M;Ausländer;oef;oef;1944
16.11.2020;tg;2014;Primarstufe;Volksschule;F;CH;oef;oef;5828
16.11.2020;tg;2014;Primarstufe;Volksschule;F;Ausländer;oef;oef;1935
16.11.2020;tg;2014;Primarstufe;Heim- und Sonderschule;M;CH;priv;oef;147
16.11.2020;tg;2014;Primarstufe;Heim- und Sonderschule;F;CH;oef;oef;11
16.11.2020;tg;2014;Sekundarstufe I;Volksschule;F;Ausländer;oef;oef;865
16.11.2020;tg;2014;Sekundarstufe I;Heim- und Sonderschule;M;Ausländer;oef;oef;6
16.11.2020;tg;2014;Sekundarstufe I;Volksschule;M;Ausländer;priv;priv;25
16.11.2020;tg;2014;Sekundarstufe I;Heim- und Sonderschule;F;Ausländer;oef;oef;3
16.11.2020;tg;2014;Sekundarstufe I;Mittelschule;M;Ausländer;oef;oef;9
16.11.2020;tg;2014;Sekundarstufe I;Volksschule;F;CH;oef;oef;2863
16.11.2020;tg;2014;Sekundarstufe I;Volksschule;F;CH;priv;priv;78
16.11.2020;tg;2014;Sekundarstufe I;Volksschule;F;Ausländer;priv;priv;30
16.11.2020;tg;2014;Sekundarstufe I;Heim- und Sonderschule;F;CH;oef;oef;7
16.11.2020;tg;2014;Sekundarstufe I;Heim- und Sonderschule;F;CH;priv;oef;39
16.11.2020;tg;2014;Sekundarstufe I;Mittelschule;M;CH;oef;oef;124
16.11.2020;tg;2014;Sekundarstufe I;Mittelschule;F;CH;oef;oef;135
16.11.2020;tg;2014;Sekundarstufe I;Heim- und Sonderschule;M;Ausländer;priv;oef;22
16.11.2020;tg;2014;Sekundarstufe I;Volksschule;M;Ausländer;oef;oef;968
16.11.2020;tg;2014;Sekundarstufe I;Heim- und Sonderschule;M;CH;priv;oef;81
16.11.2020;tg;2014;Sekundarstufe I;Volksschule;M;CH;oef;oef;3091
16.11.2020;tg;2014;Sekundarstufe I;Mittelschule;F;Ausländer;oef;oef;12
16.11.2020;tg;2014;Sekundarstufe I;Volksschule;M;CH;priv;priv;134
16.11.2020;tg;2014;Sekundarstufe I;Heim- und Sonderschule;M;CH;oef;oef;9
16.11.2020;tg;2014;Sekundarstufe I;Heim- und Sonderschule;F;Ausländer;priv;oef;12
16.11.2020;tg;2014;Sekundarstufe II;Mittelschule;M;Ausländer;oef;oef;42
16.11.2020;tg;2014;Sekundarstufe II;Berufsfachschule;F;Ausländer;oef;oef;438
16.11.2020;tg;2014;Sekundarstufe II;Berufsfachschule;F;CH;oef;oef;1876
16.11.2020;tg;2014;Sekundarstufe II;Brückenangebot;M;CH;priv;priv;7
16.11.2020;tg;2014;Sekundarstufe II;Brückenangebot;F;Ausländer;oef;oef;77
16.11.2020;tg;2014;Sekundarstufe II;Brückenangebot;M;Ausländer;oef;oef;52
16.11.2020;tg;2014;Sekundarstufe II;Brückenangebot;M;Ausländer;priv;priv;2
16.11.2020;tg;2014;Sekundarstufe II;Heim- und Sonderschule;F;CH;priv;oef;14
16.11.2020;tg;2014;Sekundarstufe II;Mittelschule;F;Ausländer;oef;oef;84
16.11.2020;tg;2014;Sekundarstufe II;Mittelschule;M;CH;priv;priv;26
16.11.2020;tg;2014;Sekundarstufe II;Heim- und Sonderschule;M;Ausländer;priv;oef;3
16.11.2020;tg;2014;Sekundarstufe II;Brückenangebot;F;Ausländer;priv;priv;1
16.11.2020;tg;2014;Sekundarstufe II;Mittelschule;F;CH;oef;oef;1055
16.11.2020;tg;2014;Sekundarstufe II;Mittelschule;M;Ausländer;priv;priv;16
16.11.2020;tg;2014;Sekundarstufe II;Heim- und Sonderschule;F;Ausländer;priv;oef;4
16.11.2020;tg;2014;Sekundarstufe II;Berufsfachschule;F;Ausländer;priv;priv;3
16.11.2020;tg;2014;Sekundarstufe II;Brückenangebot;M;CH;oef;oef;77
16.11.2020;tg;2014;Sekundarstufe II;Brückenangebot;F;CH;oef;oef;129
16.11.2020;tg;2014;Sekundarstufe II;Berufsfachschule;M;CH;priv;priv;86
16.11.2020;tg;2014;Sekundarstufe II;Mittelschule;M;CH;oef;oef;624
16.11.2020;tg;2014;Sekundarstufe II;Mittelschule;F;CH;priv;priv;22
16.11.2020;tg;2014;Sekundarstufe II;Berufsfachschule;M;CH;oef;oef;3130
16.11.2020;tg;2014;Sekundarstufe II;Mittelschule;F;Ausländer;priv;priv;9
16.11.2020;tg;2014;Sekundarstufe II;Berufsfachschule;M;Ausländer;priv;priv;11
16.11.2020;tg;2014;Sekundarstufe II;Berufsfachschule;F;CH;priv;priv;49
16.11.2020;tg;2014;Sekundarstufe II;Berufsfachschule;M;Ausländer;oef;oef;496
16.11.2020;tg;2014;Sekundarstufe II;Heim- und Sonderschule;M;CH;priv;oef;10
16.11.2020;tg;2014;Sekundarstufe II;Brückenangebot;F;CH;priv;priv;13
16.11.2020;tg;2014;Tertiärstufe;Höhere Berufsbildung;M;Ausländer;oef;oef;20
16.11.2020;tg;2014;Tertiärstufe;Höhere Berufsbildung;F;Ausländer;priv;oef;2
16.11.2020;tg;2014;Tertiärstufe;Höhere Berufsbildung;F;Ausländer;oef;oef;26
16.11.2020;tg;2014;Tertiärstufe;Höhere Berufsbildung;F;CH;oef;oef;317
16.11.2020;tg;2014;Tertiärstufe;Fachhochschule und pädagogische Hochschule;F;CH;oef;oef;392
16.11.2020;tg;2014;Tertiärstufe;Höhere Berufsbildung;M;CH;priv;oef;20
16.11.2020;tg;2014;Tertiärstufe;Fachhochschule und pädagogische Hochschule;M;CH;oef;oef;138
16.11.2020;tg;2014;Tertiärstufe;Fachhochschule und pädagogische Hochschule;F;Ausländer;oef;oef;163
16.11.2020;tg;2014;Tertiärstufe;Höhere Berufsbildung;F;CH;priv;oef;15
16.11.2020;tg;2014;Tertiärstufe;Fachhochschule und pädagogische Hochschule;M;Ausländer;oef;oef;62
16.11.2020;tg;2014;Tertiärstufe;Höhere Berufsbildung;M;Ausländer;priv;oef;5
16.11.2020;tg;2014;Tertiärstufe;Höhere Berufsbildung;M;CH;oef;oef;149
16.11.2020;tg;2015;Kindergartenstufe;Volksschule;F;Ausländer;oef;oef;623
16.11.2020;tg;2015;Kindergartenstufe;Volksschule;F;CH;oef;oef;2009
16.11.2020;tg;2015;Kindergartenstufe;Volksschule;M;CH;priv;priv;19
16.11.2020;tg;2015;Kindergartenstufe;Heim- und Sonderschule;F;CH;priv;oef;10
16.11.2020;tg;2015;Kindergartenstufe;Heim- und Sonderschule;M;CH;oef;oef;6
16.11.2020;tg;2015;Kindergartenstufe;Volksschule;M;Ausländer;priv;priv;20
16.11.2020;tg;2015;Kindergartenstufe;Volksschule;M;CH;oef;oef;2100
16.11.2020;tg;2015;Kindergartenstufe;Heim- und Sonderschule;M;CH;priv;oef;22
16.11.2020;tg;2015;Kindergartenstufe;Heim- und Sonderschule;F;Ausländer;priv;oef;4
16.11.2020;tg;2015;Kindergartenstufe;Heim- und Sonderschule;F;Ausländer;oef;oef;1
16.11.2020;tg;2015;Kindergartenstufe;Volksschule;F;CH;priv;priv;17
16.11.2020;tg;2015;Kindergartenstufe;Volksschule;F;Ausländer;priv;priv;9
16.11.2020;tg;2015;Kindergartenstufe;Heim- und Sonderschule;M;Ausländer;oef;oef;6
16.11.2020;tg;2015;Kindergartenstufe;Heim- und Sonderschule;F;CH;oef;oef;7
16.11.2020;tg;2015;Kindergartenstufe;Heim- und Sonderschule;M;Ausländer;priv;oef;16
16.11.2020;tg;2015;Kindergartenstufe;Volksschule;M;Ausländer;oef;oef;707
16.11.2020;tg;2015;Primarstufe;Volksschule;F;Ausländer;priv;priv;26
16.11.2020;tg;2015;Primarstufe;Heim- und Sonderschule;M;Ausländer;priv;oef;65
16.11.2020;tg;2015;Primarstufe;Volksschule;M;CH;priv;priv;86
16.11.2020;tg;2015;Primarstufe;Heim- und Sonderschule;F;CH;priv;oef;60
16.11.2020;tg;2015;Primarstufe;Heim- und Sonderschule;F;Ausländer;oef;oef;1
16.11.2020;tg;2015;Primarstufe;Volksschule;F;Ausländer;oef;oef;1989
16.11.2020;tg;2015;Primarstufe;Volksschule;M;Ausländer;oef;oef;2022
16.11.2020;tg;2015;Primarstufe;Volksschule;M;CH;oef;oef;6054
16.11.2020;tg;2015;Primarstufe;Volksschule;F;CH;oef;oef;5785
16.11.2020;tg;2015;Primarstufe;Heim- und Sonderschule;M;Ausländer;oef;oef;10
16.11.2020;tg;2015;Primarstufe;Volksschule;F;CH;priv;priv;56
16.11.2020;tg;2015;Primarstufe;Heim- und Sonderschule;F;Ausländer;priv;oef;23
16.11.2020;tg;2015;Primarstufe;Volksschule;M;Ausländer;priv;priv;27
16.11.2020;tg;2015;Primarstufe;Heim- und Sonderschule;M;CH;priv;oef;143
16.11.2020;tg;2015;Primarstufe;Heim- und Sonderschule;F;CH;oef;oef;9
16.11.2020;tg;2015;Primarstufe;Heim- und Sonderschule;M;CH;oef;oef;31
16.11.2020;tg;2015;Sekundarstufe I;Volksschule;M;CH;oef;oef;2967
16.11.2020;tg;2015;Sekundarstufe I;Volksschule;M;Ausländer;oef;oef;947
16.11.2020;tg;2015;Sekundarstufe I;Heim- und Sonderschule;F;Ausländer;oef;oef;5
16.11.2020;tg;2015;Sekundarstufe I;Mittelschule;F;CH;oef;oef;134
16.11.2020;tg;2015;Sekundarstufe I;Heim- und Sonderschule;M;CH;oef;oef;17
16.11.2020;tg;2015;Sekundarstufe I;Mittelschule;M;CH;oef;oef;129
16.11.2020;tg;2015;Sekundarstufe I;Volksschule;F;CH;oef;oef;2819
16.11.2020;tg;2015;Sekundarstufe I;Volksschule;F;Ausländer;priv;priv;25
16.11.2020;tg;2015;Sekundarstufe I;Heim- und Sonderschule;F;CH;oef;oef;7
16.11.2020;tg;2015;Sekundarstufe I;Mittelschule;M;Ausländer;oef;oef;9
16.11.2020;tg;2015;Sekundarstufe I;Heim- und Sonderschule;F;Ausländer;priv;oef;8
16.11.2020;tg;2015;Sekundarstufe I;Mittelschule;F;Ausländer;oef;oef;8
16.11.2020;tg;2015;Sekundarstufe I;Heim- und Sonderschule;M;Ausländer;priv;oef;27
16.11.2020;tg;2015;Sekundarstufe I;Volksschule;M;Ausländer;priv;priv;23
16.11.2020;tg;2015;Sekundarstufe I;Heim- und Sonderschule;M;CH;priv;oef;83
16.11.2020;tg;2015;Sekundarstufe I;Volksschule;M;CH;priv;priv;111
16.11.2020;tg;2015;Sekundarstufe I;Volksschule;F;CH;priv;priv;71
16.11.2020;tg;2015;Sekundarstufe I;Heim- und Sonderschule;M;Ausländer;oef;oef;7
16.11.2020;tg;2015;Sekundarstufe I;Volksschule;F;Ausländer;oef;oef;864
16.11.2020;tg;2015;Sekundarstufe I;Heim- und Sonderschule;F;CH;priv;oef;36
16.11.2020;tg;2015;Sekundarstufe II;Heim- und Sonderschule;F;CH;priv;oef;11
16.11.2020;tg;2015;Sekundarstufe II;Berufsfachschule;M;CH;priv;priv;109
16.11.2020;tg;2015;Sekundarstufe II;Berufsfachschule;F;Ausländer;priv;priv;4
16.11.2020;tg;2015;Sekundarstufe II;Mittelschule;F;CH;oef;oef;1074
16.11.2020;tg;2015;Sekundarstufe II;Mittelschule;F;Ausländer;oef;oef;81
16.11.2020;tg;2015;Sekundarstufe II;Heim- und Sonderschule;M;CH;priv;oef;11
16.11.2020;tg;2015;Sekundarstufe II;Brückenangebot;F;Ausländer;oef;oef;84
16.11.2020;tg;2015;Sekundarstufe II;Brückenangebot;F;CH;oef;oef;106
16.11.2020;tg;2015;Sekundarstufe II;Berufsfachschule;F;CH;priv;priv;50
16.11.2020;tg;2015;Sekundarstufe II;Heim- und Sonderschule;M;Ausländer;priv;oef;1
16.11.2020;tg;2015;Sekundarstufe II;Brückenangebot;M;CH;priv;priv;5
16.11.2020;tg;2015;Sekundarstufe II;Berufsfachschule;M;Ausländer;oef;oef;517
16.11.2020;tg;2015;Sekundarstufe II;Mittelschule;F;CH;priv;priv;20
16.11.2020;tg;2015;Sekundarstufe II;Mittelschule;M;Ausländer;priv;priv;16
16.11.2020;tg;2015;Sekundarstufe II;Mittelschule;F;Ausländer;priv;priv;14
16.11.2020;tg;2015;Sekundarstufe II;Brückenangebot;M;CH;oef;oef;66
16.11.2020;tg;2015;Sekundarstufe II;Berufsfachschule;M;Ausländer;priv;priv;14
16.11.2020;tg;2015;Sekundarstufe II;Brückenangebot;M;Ausländer;oef;oef;64
16.11.2020;tg;2015;Sekundarstufe II;Mittelschule;M;Ausländer;oef;oef;41
16.11.2020;tg;2015;Sekundarstufe II;Heim- und Sonderschule;F;Ausländer;priv;oef;1
16.11.2020;tg;2015;Sekundarstufe II;Mittelschule;M;CH;oef;oef;654
16.11.2020;tg;2015;Sekundarstufe II;Berufsfachschule;M;CH;oef;oef;3123
16.11.2020;tg;2015;Sekundarstufe II;Mittelschule;M;CH;priv;priv;16
16.11.2020;tg;2015;Sekundarstufe II;Berufsfachschule;F;CH;oef;oef;1914
16.11.2020;tg;2015;Sekundarstufe II;Berufsfachschule;F;Ausländer;oef;oef;468
16.11.2020;tg;2015;Sekundarstufe II;Brückenangebot;F;CH;priv;priv;10
16.11.2020;tg;2015;Tertiärstufe;Fachhochschule und pädagogische Hochschule;M;CH;oef;oef;141
16.11.2020;tg;2015;Tertiärstufe;Höhere Berufsbildung;M;Ausländer;priv;oef;9
16.11.2020;tg;2015;Tertiärstufe;Fachhochschule und pädagogische Hochschule;F;CH;oef;oef;400
16.11.2020;tg;2015;Tertiärstufe;Höhere Berufsbildung;F;Ausländer;oef;oef;29
16.11.2020;tg;2015;Tertiärstufe;Höhere Berufsbildung;M;Ausländer;oef;oef;22
16.11.2020;tg;2015;Tertiärstufe;Höhere Berufsbildung;F;CH;oef;oef;323
16.11.2020;tg;2015;Tertiärstufe;Fachhochschule und pädagogische Hochschule;F;Ausländer;oef;oef;169
16.11.2020;tg;2015;Tertiärstufe;Höhere Berufsbildung;M;CH;priv;oef;14
16.11.2020;tg;2015;Tertiärstufe;Fachhochschule und pädagogische Hochschule;M;Ausländer;oef;oef;53
16.11.2020;tg;2015;Tertiärstufe;Höhere Berufsbildung;F;CH;priv;oef;8
16.11.2020;tg;2015;Tertiärstufe;Höhere Berufsbildung;M;CH;oef;oef;183
16.11.2020;tg;2016;Kindergartenstufe;Heim- und Sonderschule;F;CH;priv;oef;11
16.11.2020;tg;2016;Kindergartenstufe;Volksschule;F;CH;priv;priv;17
16.11.2020;tg;2016;Kindergartenstufe;Volksschule;F;Ausländer;oef;oef;663
16.11.2020;tg;2016;Kindergartenstufe;Heim- und Sonderschule;M;Ausländer;priv;oef;18
16.11.2020;tg;2016;Kindergartenstufe;Volksschule;M;CH;oef;oef;2103
16.11.2020;tg;2016;Kindergartenstufe;Heim- und Sonderschule;M;CH;priv;oef;30
16.11.2020;tg;2016;Kindergartenstufe;Heim- und Sonderschule;M;Ausländer;oef;oef;6
16.11.2020;tg;2016;Kindergartenstufe;Heim- und Sonderschule;F;CH;oef;oef;4
16.11.2020;tg;2016;Kindergartenstufe;Volksschule;M;Ausländer;oef;oef;694
16.11.2020;tg;2016;Kindergartenstufe;Volksschule;M;Ausländer;priv;priv;19
16.11.2020;tg;2016;Kindergartenstufe;Heim- und Sonderschule;M;CH;oef;oef;8
16.11.2020;tg;2016;Kindergartenstufe;Heim- und Sonderschule;F;Ausländer;priv;oef;5
16.11.2020;tg;2016;Kindergartenstufe;Volksschule;M;CH;priv;priv;19
16.11.2020;tg;2016;Kindergartenstufe;Volksschule;F;CH;oef;oef;1992
16.11.2020;tg;2016;Kindergartenstufe;Volksschule;F;Ausländer;priv;priv;10
16.11.2020;tg;2016;Kindergartenstufe;Heim- und Sonderschule;F;Ausländer;oef;oef;2
16.11.2020;tg;2016;Primarstufe;Heim- und Sonderschule;M;CH;priv;oef;148
16.11.2020;tg;2016;Primarstufe;Heim- und Sonderschule;F;Ausländer;oef;oef;3
16.11.2020;tg;2016;Primarstufe;Volksschule;M;Ausländer;oef;oef;2013
16.11.2020;tg;2016;Primarstufe;Volksschule;F;Ausländer;oef;oef;1958
16.11.2020;tg;2016;Primarstufe;Heim- und Sonderschule;M;Ausländer;oef;oef;11
16.11.2020;tg;2016;Primarstufe;Heim- und Sonderschule;F;CH;priv;oef;63
16.11.2020;tg;2016;Primarstufe;Volksschule;F;CH;oef;oef;5832
16.11.2020;tg;2016;Primarstufe;Volksschule;M;CH;oef;oef;6079
16.11.2020;tg;2016;Primarstufe;Volksschule;F;CH;priv;priv;69
16.11.2020;tg;2016;Primarstufe;Heim- und Sonderschule;F;CH;oef;oef;8
16.11.2020;tg;2016;Primarstufe;Volksschule;M;Ausländer;priv;priv;32
16.11.2020;tg;2016;Primarstufe;Volksschule;M;CH;priv;priv;99
16.11.2020;tg;2016;Primarstufe;Heim- und Sonderschule;F;Ausländer;priv;oef;18
16.11.2020;tg;2016;Primarstufe;Heim- und Sonderschule;M;Ausländer;priv;oef;74
16.11.2020;tg;2016;Primarstufe;Volksschule;F;Ausländer;priv;priv;20
16.11.2020;tg;2016;Primarstufe;Heim- und Sonderschule;M;CH;oef;oef;23
16.11.2020;tg;2016;Sekundarstufe I;Heim- und Sonderschule;F;CH;oef;oef;2
16.11.2020;tg;2016;Sekundarstufe I;Mittelschule;F;Ausländer;oef;oef;20
16.11.2020;tg;2016;Sekundarstufe I;Mittelschule;M;Ausländer;oef;oef;10
16.11.2020;tg;2016;Sekundarstufe I;Heim- und Sonderschule;M;CH;oef;oef;3
16.11.2020;tg;2016;Sekundarstufe I;Volksschule;F;Ausländer;priv;priv;23
16.11.2020;tg;2016;Sekundarstufe I;Heim- und Sonderschule;M;CH;priv;oef;78
16.11.2020;tg;2016;Sekundarstufe I;Volksschule;F;Ausländer;oef;oef;898
16.11.2020;tg;2016;Sekundarstufe I;Volksschule;F;CH;oef;oef;2799
16.11.2020;tg;2016;Sekundarstufe I;Volksschule;M;Ausländer;priv;priv;30
16.11.2020;tg;2016;Sekundarstufe I;Volksschule;M;CH;priv;priv;123
16.11.2020;tg;2016;Sekundarstufe I;Heim- und Sonderschule;F;Ausländer;priv;oef;8
16.11.2020;tg;2016;Sekundarstufe I;Volksschule;F;CH;priv;priv;70
16.11.2020;tg;2016;Sekundarstufe I;Heim- und Sonderschule;F;CH;priv;oef;30
16.11.2020;tg;2016;Sekundarstufe I;Heim- und Sonderschule;M;Ausländer;priv;oef;24
16.11.2020;tg;2016;Sekundarstufe I;Volksschule;M;CH;oef;oef;2864
16.11.2020;tg;2016;Sekundarstufe I;Mittelschule;M;CH;oef;oef;135
16.11.2020;tg;2016;Sekundarstufe I;Mittelschule;F;CH;oef;oef;135
16.11.2020;tg;2016;Sekundarstufe I;Volksschule;M;Ausländer;oef;oef;981
16.11.2020;tg;2016;Sekundarstufe II;Berufsfachschule;F;CH;oef;oef;1863
16.11.2020;tg;2016;Sekundarstufe II;Mittelschule;F;CH;priv;priv;22
16.11.2020;tg;2016;Sekundarstufe II;Brückenangebot;F;Ausländer;oef;oef;59
16.11.2020;tg;2016;Sekundarstufe II;Mittelschule;F;CH;oef;oef;1099
16.11.2020;tg;2016;Sekundarstufe II;Mittelschule;M;CH;priv;priv;23
16.11.2020;tg;2016;Sekundarstufe II;Berufsfachschule;M;Ausländer;oef;oef;564
16.11.2020;tg;2016;Sekundarstufe II;Mittelschule;M;Ausländer;priv;priv;10
16.11.2020;tg;2016;Sekundarstufe II;Heim- und Sonderschule;M;CH;priv;oef;9
16.11.2020;tg;2016;Sekundarstufe II;Brückenangebot;M;Ausländer;oef;oef;53
16.11.2020;tg;2016;Sekundarstufe II;Mittelschule;F;Ausländer;priv;priv;16
16.11.2020;tg;2016;Sekundarstufe II;Berufsfachschule;M;Ausländer;priv;priv;14
16.11.2020;tg;2016;Sekundarstufe II;Brückenangebot;F;CH;priv;priv;13
16.11.2020;tg;2016;Sekundarstufe II;Heim- und Sonderschule;F;Ausländer;oef;oef;1
16.11.2020;tg;2016;Sekundarstufe II;Heim- und Sonderschule;F;CH;oef;oef;4
16.11.2020;tg;2016;Sekundarstufe II;Berufsfachschule;F;Ausländer;priv;priv;2
16.11.2020;tg;2016;Sekundarstufe II;Heim- und Sonderschule;F;Ausländer;priv;oef;1
16.11.2020;tg;2016;Sekundarstufe II;Heim- und Sonderschule;M;Ausländer;oef;oef;6
16.11.2020;tg;2016;Sekundarstufe II;Berufsfachschule;M;CH;priv;priv;98
16.11.2020;tg;2016;Sekundarstufe II;Heim- und Sonderschule;F;CH;priv;oef;7
16.11.2020;tg;2016;Sekundarstufe II;Berufsfachschule;M;CH;oef;oef;3008
16.11.2020;tg;2016;Sekundarstufe II;Berufsfachschule;F;Ausländer;oef;oef;466
16.11.2020;tg;2016;Sekundarstufe II;Brückenangebot;M;CH;oef;oef;59
16.11.2020;tg;2016;Sekundarstufe II;Heim- und Sonderschule;M;Ausländer;priv;oef;1
16.11.2020;tg;2016;Sekundarstufe II;Heim- und Sonderschule;M;CH;oef;oef;12
16.11.2020;tg;2016;Sekundarstufe II;Mittelschule;M;Ausländer;oef;oef;38
16.11.2020;tg;2016;Sekundarstufe II;Brückenangebot;F;CH;oef;oef;99
16.11.2020;tg;2016;Sekundarstufe II;Mittelschule;M;CH;oef;oef;675
16.11.2020;tg;2016;Sekundarstufe II;Brückenangebot;M;CH;priv;priv;9
16.11.2020;tg;2016;Sekundarstufe II;Mittelschule;F;Ausländer;oef;oef;76
16.11.2020;tg;2016;Sekundarstufe II;Berufsfachschule;F;CH;priv;priv;35
16.11.2020;tg;2016;Tertiärstufe;Fachhochschule und pädagogische Hochschule;m;CH;oef;oef;149
16.11.2020;tg;2016;Tertiärstufe;Höhere Berufsbildung;F;CH;priv;oef;2
16.11.2020;tg;2016;Tertiärstufe;Höhere Berufsbildung;M;Ausländer;oef;priv;3
16.11.2020;tg;2016;Tertiärstufe;Höhere Berufsbildung;M;Ausländer;priv;oef;5
16.11.2020;tg;2016;Tertiärstufe;Höhere Berufsbildung;M;CH;oef;oef;158
16.11.2020;tg;2016;Tertiärstufe;Höhere Berufsbildung;M;Ausländer;oef;oef;16
16.11.2020;tg;2016;Tertiärstufe;Fachhochschule und pädagogische Hochschule;f;Ausländer;oef;oef;174
16.11.2020;tg;2016;Tertiärstufe;Fachhochschule und pädagogische Hochschule;f;CH;oef;oef;426
16.11.2020;tg;2016;Tertiärstufe;Fachhochschule und pädagogische Hochschule;m;Ausländer;oef;oef;49
16.11.2020;tg;2016;Tertiärstufe;Höhere Berufsbildung;F;Ausländer;oef;oef;26
16.11.2020;tg;2016;Tertiärstufe;Höhere Berufsbildung;F;Ausländer;oef;priv;1
16.11.2020;tg;2016;Tertiärstufe;Höhere Berufsbildung;M;CH;oef;priv;15
16.11.2020;tg;2016;Tertiärstufe;Höhere Berufsbildung;M;CH;priv;oef;11
16.11.2020;tg;2016;Tertiärstufe;Höhere Berufsbildung;F;CH;oef;oef;346
16.11.2020;tg;2017;Kindergartenstufe;Volksschule;F;CH;priv;priv;12
16.11.2020;tg;2017;Kindergartenstufe;Volksschule;M;CH;priv;priv;19
16.11.2020;tg;2017;Kindergartenstufe;Volksschule;F;Ausländer;oef;oef;648
16.11.2020;tg;2017;Kindergartenstufe;Heim- und Sonderschule;F;Ausländer;oef;oef;4
16.11.2020;tg;2017;Kindergartenstufe;Volksschule;F;Ausländer;priv;priv;13
16.11.2020;tg;2017;Kindergartenstufe;Volksschule;M;Ausländer;oef;oef;688
16.11.2020;tg;2017;Kindergartenstufe;Volksschule;M;CH;oef;oef;2140
16.11.2020;tg;2017;Kindergartenstufe;Heim- und Sonderschule;M;Ausländer;priv;oef;19
16.11.2020;tg;2017;Kindergartenstufe;Heim- und Sonderschule;M;Ausländer;oef;oef;7
16.11.2020;tg;2017;Kindergartenstufe;Heim- und Sonderschule;M;CH;priv;oef;34
16.11.2020;tg;2017;Kindergartenstufe;Volksschule;F;CH;oef;oef;1938
16.11.2020;tg;2017;Kindergartenstufe;Heim- und Sonderschule;F;Ausländer;priv;oef;8
16.11.2020;tg;2017;Kindergartenstufe;Volksschule;M;Ausländer;priv;priv;16
16.11.2020;tg;2017;Kindergartenstufe;Heim- und Sonderschule;M;CH;oef;oef;12
16.11.2020;tg;2017;Kindergartenstufe;Heim- und Sonderschule;F;CH;priv;oef;18
16.11.2020;tg;2017;Kindergartenstufe;Heim- und Sonderschule;F;CH;oef;oef;8
16.11.2020;tg;2017;Primarstufe;Heim- und Sonderschule;F;CH;oef;oef;8
16.11.2020;tg;2017;Primarstufe;Volksschule;F;Ausländer;oef;oef;1947
16.11.2020;tg;2017;Primarstufe;Heim- und Sonderschule;M;CH;priv;oef;139
16.11.2020;tg;2017;Primarstufe;Volksschule;M;Ausländer;priv;priv;30
16.11.2020;tg;2017;Primarstufe;Volksschule;M;CH;priv;priv;91
16.11.2020;tg;2017;Primarstufe;Heim- und Sonderschule;F;CH;priv;oef;61
16.11.2020;tg;2017;Primarstufe;Heim- und Sonderschule;F;Ausländer;priv;oef;22
16.11.2020;tg;2017;Primarstufe;Volksschule;M;Ausländer;oef;oef;2044
16.11.2020;tg;2017;Primarstufe;Volksschule;M;CH;oef;oef;6109
16.11.2020;tg;2017;Primarstufe;Volksschule;F;Ausländer;priv;priv;18
16.11.2020;tg;2017;Primarstufe;Volksschule;F;CH;priv;oef;3
16.11.2020;tg;2017;Primarstufe;Heim- und Sonderschule;F;Ausländer;oef;oef;4
16.11.2020;tg;2017;Primarstufe;Volksschule;F;CH;priv;priv;74
16.11.2020;tg;2017;Primarstufe;Heim- und Sonderschule;M;Ausländer;oef;oef;9
16.11.2020;tg;2017;Primarstufe;Heim- und Sonderschule;M;CH;oef;oef;17
16.11.2020;tg;2017;Primarstufe;Volksschule;M;Ausländer;priv;oef;1
16.11.2020;tg;2017;Primarstufe;Volksschule;F;CH;oef;oef;5913
16.11.2020;tg;2017;Primarstufe;Volksschule;M;CH;priv;oef;5
16.11.2020;tg;2017;Primarstufe;Heim- und Sonderschule;M;Ausländer;priv;oef;78
16.11.2020;tg;2017;Sekundarstufe I;Volksschule;M;CH;oef;oef;2929
16.11.2020;tg;2017;Sekundarstufe I;Heim- und Sonderschule;M;CH;priv;oef;76
16.11.2020;tg;2017;Sekundarstufe I;Heim- und Sonderschule;M;CH;oef;oef;8
16.11.2020;tg;2017;Sekundarstufe I;Heim- und Sonderschule;F;Ausländer;oef;oef;1
16.11.2020;tg;2017;Sekundarstufe I;Volksschule;M;Ausländer;oef;oef;1000
16.11.2020;tg;2017;Sekundarstufe I;Volksschule;M;CH;priv;priv;121
16.11.2020;tg;2017;Sekundarstufe I;Volksschule;M;Ausländer;priv;priv;28
16.11.2020;tg;2017;Sekundarstufe I;Volksschule;F;Ausländer;priv;priv;29
16.11.2020;tg;2017;Sekundarstufe I;Volksschule;F;CH;oef;oef;2736
16.11.2020;tg;2017;Sekundarstufe I;Heim- und Sonderschule;M;Ausländer;oef;oef;1
16.11.2020;tg;2017;Sekundarstufe I;Heim- und Sonderschule;F;CH;oef;oef;4
16.11.2020;tg;2017;Sekundarstufe I;Mittelschule;M;CH;oef;oef;94
16.11.2020;tg;2017;Sekundarstufe I;Mittelschule;F;Ausländer;oef;oef;15
16.11.2020;tg;2017;Sekundarstufe I;Mittelschule;F;CH;oef;oef;158
16.11.2020;tg;2017;Sekundarstufe I;Mittelschule;M;Ausländer;oef;oef;9
16.11.2020;tg;2017;Sekundarstufe I;Volksschule;F;CH;priv;priv;65
16.11.2020;tg;2017;Sekundarstufe I;Heim- und Sonderschule;M;Ausländer;priv;oef;24
16.11.2020;tg;2017;Sekundarstufe I;Heim- und Sonderschule;F;Ausländer;priv;oef;3
16.11.2020;tg;2017;Sekundarstufe I;Heim- und Sonderschule;F;CH;priv;oef;27
16.11.2020;tg;2017;Sekundarstufe I;Volksschule;F;Ausländer;oef;oef;973
16.11.2020;tg;2017;Sekundarstufe II;Mittelschule;F;CH;oef;oef;1148
16.11.2020;tg;2017;Sekundarstufe II;Berufsfachschule;M;CH;priv;priv;90
16.11.2020;tg;2017;Sekundarstufe II;Brückenangebot;M;CH;oef;oef;51
16.11.2020;tg;2017;Sekundarstufe II;Brückenangebot;M;Ausländer;priv;priv;4
16.11.2020;tg;2017;Sekundarstufe II;Brückenangebot;M;CH;priv;priv;8
16.11.2020;tg;2017;Sekundarstufe II;Berufsfachschule;F;Ausländer;oef;oef;458
16.11.2020;tg;2017;Sekundarstufe II;Mittelschule;F;Ausländer;priv;priv;16
16.11.2020;tg;2017;Sekundarstufe II;Heim- und Sonderschule;F;CH;priv;oef;6
16.11.2020;tg;2017;Sekundarstufe II;Mittelschule;F;Ausländer;oef;oef;84
16.11.2020;tg;2017;Sekundarstufe II;Heim- und Sonderschule;F;CH;oef;oef;4
16.11.2020;tg;2017;Sekundarstufe II;Brückenangebot;F;CH;oef;oef;105
16.11.2020;tg;2017;Sekundarstufe II;Mittelschule;M;Ausländer;oef;oef;50
16.11.2020;tg;2017;Sekundarstufe II;Brückenangebot;F;CH;priv;priv;6
16.11.2020;tg;2017;Sekundarstufe II;Brückenangebot;F;Ausländer;oef;oef;40
16.11.2020;tg;2017;Sekundarstufe II;Brückenangebot;M;Ausländer;oef;oef;47
16.11.2020;tg;2017;Sekundarstufe II;Berufsfachschule;M;Ausländer;priv;priv;15
16.11.2020;tg;2017;Sekundarstufe II;Berufsfachschule;M;CH;oef;oef;2959
16.11.2020;tg;2017;Sekundarstufe II;Heim- und Sonderschule;M;CH;oef;oef;5
16.11.2020;tg;2017;Sekundarstufe II;Heim- und Sonderschule;M;CH;priv;oef;12
16.11.2020;tg;2017;Sekundarstufe II;Mittelschule;M;Ausländer;priv;priv;14
16.11.2020;tg;2017;Sekundarstufe II;Mittelschule;M;CH;priv;priv;15
16.11.2020;tg;2017;Sekundarstufe II;Heim- und Sonderschule;M;Ausländer;priv;oef;3
16.11.2020;tg;2017;Sekundarstufe II;Heim- und Sonderschule;M;Ausländer;oef;oef;2
16.11.2020;tg;2017;Sekundarstufe II;Berufsfachschule;M;Ausländer;oef;oef;567
16.11.2020;tg;2017;Sekundarstufe II;Mittelschule;M;CH;oef;oef;681
16.11.2020;tg;2017;Sekundarstufe II;Berufsfachschule;F;CH;oef;oef;1810
16.11.2020;tg;2017;Sekundarstufe II;Mittelschule;F;CH;priv;priv;14
16.11.2020;tg;2017;Sekundarstufe II;Berufsfachschule;F;CH;priv;priv;31
16.11.2020;tg;2017;Sekundarstufe II;Berufsfachschule;F;Ausländer;priv;priv;2
16.11.2020;tg;2017;Tertiärstufe;Höhere Berufsbildung;M;CH;priv;oef;12
16.11.2020;tg;2017;Tertiärstufe;Fachhochschule und pädagogische Hochschule;m;CH;oef;oef;147
16.11.2020;tg;2017;Tertiärstufe;Höhere Berufsbildung;M;Ausländer;oef;oef;32
16.11.2020;tg;2017;Tertiärstufe;Fachhochschule und pädagogische Hochschule;m;Ausländer;oef;oef;40
16.11.2020;tg;2017;Tertiärstufe;Fachhochschule und pädagogische Hochschule;f;CH;oef;oef;394
16.11.2020;tg;2017;Tertiärstufe;Fachhochschule und pädagogische Hochschule;f;Ausländer;oef;oef;153
16.11.2020;tg;2017;Tertiärstufe;Höhere Berufsbildung;F;CH;oef;oef;316
16.11.2020;tg;2017;Tertiärstufe;Höhere Berufsbildung;F;CH;priv;oef;1
16.11.2020;tg;2017;Tertiärstufe;Höhere Berufsbildung;M;Ausländer;priv;oef;3
16.11.2020;tg;2017;Tertiärstufe;Höhere Berufsbildung;F;Ausländer;oef;oef;27
16.11.2020;tg;2017;Tertiärstufe;Höhere Berufsbildung;M;CH;oef;oef;197
16.11.2020;tg;2018;Kindergartenstufe;Heim- und Sonderschule;F;CH;priv;oef;14
16.11.2020;tg;2018;Kindergartenstufe;Volksschule;F;Ausländer;priv;priv;15
16.11.2020;tg;2018;Kindergartenstufe;Volksschule;F;Ausländer;oef;oef;676
16.11.2020;tg;2018;Kindergartenstufe;Volksschule;F;CH;oef;oef;2007
16.11.2020;tg;2018;Kindergartenstufe;Volksschule;F;CH;priv;priv;20
16.11.2020;tg;2018;Kindergartenstufe;Heim- und Sonderschule;F;CH;oef;oef;6
16.11.2020;tg;2018;Kindergartenstufe;Heim- und Sonderschule;F;Ausländer;oef;oef;4
16.11.2020;tg;2018;Kindergartenstufe;Heim- und Sonderschule;F;Ausländer;priv;oef;6
16.11.2020;tg;2018;Kindergartenstufe;Heim- und Sonderschule;M;Ausländer;priv;oef;13
16.11.2020;tg;2018;Kindergartenstufe;Volksschule;M;Ausländer;oef;oef;692
16.11.2020;tg;2018;Kindergartenstufe;Heim- und Sonderschule;M;Ausländer;oef;oef;7
16.11.2020;tg;2018;Kindergartenstufe;Volksschule;M;Ausländer;priv;priv;22
16.11.2020;tg;2018;Kindergartenstufe;Heim- und Sonderschule;M;CH;priv;oef;31
16.11.2020;tg;2018;Kindergartenstufe;Volksschule;M;CH;oef;oef;2266
16.11.2020;tg;2018;Kindergartenstufe;Volksschule;M;CH;priv;priv;18
16.11.2020;tg;2018;Kindergartenstufe;Heim- und Sonderschule;M;CH;oef;oef;11
16.11.2020;tg;2018;Primarstufe;Volksschule;F;Ausländer;oef;oef;1962
16.11.2020;tg;2018;Primarstufe;Heim- und Sonderschule;M;CH;oef;oef;15
16.11.2020;tg;2018;Primarstufe;Heim- und Sonderschule;F;CH;priv;oef;67
16.11.2020;tg;2018;Primarstufe;Volksschule;F;CH;priv;oef;5
16.11.2020;tg;2018;Primarstufe;Volksschule;M;Ausländer;oef;oef;2078
16.11.2020;tg;2018;Primarstufe;Volksschule;M;Ausländer;priv;priv;27
16.11.2020;tg;2018;Primarstufe;Heim- und Sonderschule;M;Ausländer;priv;oef;86
16.11.2020;tg;2018;Primarstufe;Heim- und Sonderschule;F;Ausländer;oef;oef;4
16.11.2020;tg;2018;Primarstufe;Volksschule;M;CH;priv;oef;6
16.11.2020;tg;2018;Primarstufe;Volksschule;F;CH;oef;oef;5869
16.11.2020;tg;2018;Primarstufe;Heim- und Sonderschule;F;CH;oef;oef;8
16.11.2020;tg;2018;Primarstufe;Heim- und Sonderschule;M;CH;priv;oef;144
16.11.2020;tg;2018;Primarstufe;Heim- und Sonderschule;M;Ausländer;oef;oef;7
16.11.2020;tg;2018;Primarstufe;Volksschule;F;Ausländer;priv;oef;1
16.11.2020;tg;2018;Primarstufe;Volksschule;M;CH;oef;oef;6189
16.11.2020;tg;2018;Primarstufe;Volksschule;M;CH;priv;priv;90
16.11.2020;tg;2018;Primarstufe;Volksschule;F;Ausländer;priv;priv;17
16.11.2020;tg;2018;Primarstufe;Volksschule;F;CH;priv;priv;68
16.11.2020;tg;2018;Primarstufe;Heim- und Sonderschule;F;Ausländer;priv;oef;25
16.11.2020;tg;2018;Sekundarstufe I;Heim- und Sonderschule;F;CH;priv;oef;25
16.11.2020;tg;2018;Sekundarstufe I;Mittelschule;M;Ausländer;oef;oef;16
16.11.2020;tg;2018;Sekundarstufe I;Volksschule;F;CH;priv;priv;69
16.11.2020;tg;2018;Sekundarstufe I;Mittelschule;F;Ausländer;oef;oef;21
16.11.2020;tg;2018;Sekundarstufe I;Volksschule;M;CH;oef;oef;2895
16.11.2020;tg;2018;Sekundarstufe I;Volksschule;M;Ausländer;priv;priv;21
16.11.2020;tg;2018;Sekundarstufe I;Volksschule;F;Ausländer;oef;oef;953
16.11.2020;tg;2018;Sekundarstufe I;Heim- und Sonderschule;M;Ausländer;priv;oef;26
16.11.2020;tg;2018;Sekundarstufe I;Heim- und Sonderschule;F;Ausländer;oef;oef;1
16.11.2020;tg;2018;Sekundarstufe I;Mittelschule;M;CH;oef;oef;114
16.11.2020;tg;2018;Sekundarstufe I;Heim- und Sonderschule;F;Ausländer;priv;oef;4
16.11.2020;tg;2018;Sekundarstufe I;Volksschule;F;Ausländer;priv;priv;31
16.11.2020;tg;2018;Sekundarstufe I;Volksschule;F;CH;oef;oef;2790
16.11.2020;tg;2018;Sekundarstufe I;Heim- und Sonderschule;F;CH;oef;oef;4
16.11.2020;tg;2018;Sekundarstufe I;Volksschule;M;Ausländer;oef;oef;955
16.11.2020;tg;2018;Sekundarstufe I;Heim- und Sonderschule;M;CH;oef;oef;7
16.11.2020;tg;2018;Sekundarstufe I;Heim- und Sonderschule;M;Ausländer;oef;oef;1
16.11.2020;tg;2018;Sekundarstufe I;Volksschule;M;CH;priv;priv;119
16.11.2020;tg;2018;Sekundarstufe I;Mittelschule;F;CH;oef;oef;148
16.11.2020;tg;2018;Sekundarstufe I;Heim- und Sonderschule;M;CH;priv;oef;70
16.11.2020;tg;2018;Sekundarstufe II;Mittelschule;F;CH;oef;oef;1200
16.11.2020;tg;2018;Sekundarstufe II;Brückenangebot;F;CH;priv;priv;4
16.11.2020;tg;2018;Sekundarstufe II;Heim- und Sonderschule;M;CH;priv;oef;6
16.11.2020;tg;2018;Sekundarstufe II;Heim- und Sonderschule;M;Ausländer;priv;oef;3
16.11.2020;tg;2018;Sekundarstufe II;Berufsfachschule;F;CH;priv;priv;28
16.11.2020;tg;2018;Sekundarstufe II;Brückenangebot;M;Ausländer;oef;oef;41
16.11.2020;tg;2018;Sekundarstufe II;Berufsfachschule;M;Ausländer;priv;priv;11
16.11.2020;tg;2018;Sekundarstufe II;Brückenangebot;F;CH;oef;oef;78
16.11.2020;tg;2018;Sekundarstufe II;Mittelschule;M;CH;oef;oef;614
16.11.2020;tg;2018;Sekundarstufe II;Berufsfachschule;M;CH;priv;priv;86
16.11.2020;tg;2018;Sekundarstufe II;Mittelschule;M;Ausländer;oef;oef;35
16.11.2020;tg;2018;Sekundarstufe II;Brückenangebot;M;Ausländer;priv;priv;2
16.11.2020;tg;2018;Sekundarstufe II;Berufsfachschule;F;Ausländer;oef;oef;460
16.11.2020;tg;2018;Sekundarstufe II;Brückenangebot;M;CH;oef;oef;48
16.11.2020;tg;2018;Sekundarstufe II;Mittelschule;F;CH;priv;priv;14
16.11.2020;tg;2018;Sekundarstufe II;Berufsfachschule;M;CH;oef;oef;2817
16.11.2020;tg;2018;Sekundarstufe II;Mittelschule;F;Ausländer;oef;oef;77
16.11.2020;tg;2018;Sekundarstufe II;Berufsfachschule;M;Ausländer;oef;oef;607
16.11.2020;tg;2018;Sekundarstufe II;Mittelschule;M;Ausländer;priv;priv;11
16.11.2020;tg;2018;Sekundarstufe II;Mittelschule;M;CH;priv;priv;22
16.11.2020;tg;2018;Sekundarstufe II;Mittelschule;F;Ausländer;priv;priv;17
16.11.2020;tg;2018;Sekundarstufe II;Brückenangebot;M;CH;priv;priv;5
16.11.2020;tg;2018;Sekundarstufe II;Berufsfachschule;F;Ausländer;priv;priv;6
16.11.2020;tg;2018;Sekundarstufe II;Berufsfachschule;F;CH;oef;oef;1746
16.11.2020;tg;2018;Sekundarstufe II;Heim- und Sonderschule;F;CH;priv;oef;5
16.11.2020;tg;2018;Sekundarstufe II;Brückenangebot;F;Ausländer;oef;oef;52
16.11.2020;tg;2018;Tertiärstufe;Höhere Berufsbildung;M;CH;oef;oef;308
16.11.2020;tg;2018;Tertiärstufe;Höhere Berufsbildung;F;CH;oef;oef;379
16.11.2020;tg;2018;Tertiärstufe;Fachhochschule und pädagogische Hochschule;f;CH;oef;oef;375
16.11.2020;tg;2018;Tertiärstufe;Höhere Berufsbildung;F;CH;priv;oef;9
16.11.2020;tg;2018;Tertiärstufe;Fachhochschule und pädagogische Hochschule;m;Ausländer;oef;oef;44
16.11.2020;tg;2018;Tertiärstufe;Fachhochschule und pädagogische Hochschule;m;CH;oef;oef;145
16.11.2020;tg;2018;Tertiärstufe;Höhere Berufsbildung;F;Ausländer;oef;oef;37
16.11.2020;tg;2018;Tertiärstufe;Höhere Berufsbildung;M;CH;priv;oef;19
16.11.2020;tg;2018;Tertiärstufe;Höhere Berufsbildung;M;Ausländer;priv;oef;7
16.11.2020;tg;2018;Tertiärstufe;Höhere Berufsbildung;M;Ausländer;oef;oef;30
16.11.2020;tg;2018;Tertiärstufe;Fachhochschule und pädagogische Hochschule;f;Ausländer;oef;oef;125
16.11.2020;tg;2019;Kindergartenstufe;Heim- und Sonderschule;M;CH;priv;oef;36
16.11.2020;tg;2019;Kindergartenstufe;Volksschule;M;CH;oef;oef;2262
16.11.2020;tg;2019;Kindergartenstufe;Heim- und Sonderschule;F;Ausländer;oef;oef;4
16.11.2020;tg;2019;Kindergartenstufe;Volksschule;F;CH;oef;oef;2092
16.11.2020;tg;2019;Kindergartenstufe;Volksschule;M;CH;priv;priv;30
16.11.2020;tg;2019;Kindergartenstufe;Heim- und Sonderschule;F;CH;priv;oef;14
16.11.2020;tg;2019;Kindergartenstufe;Heim- und Sonderschule;M;CH;oef;oef;9
16.11.2020;tg;2019;Kindergartenstufe;Heim- und Sonderschule;F;Ausländer;priv;oef;6
16.11.2020;tg;2019;Kindergartenstufe;Volksschule;F;Ausländer;oef;oef;717
16.11.2020;tg;2019;Kindergartenstufe;Volksschule;F;CH;priv;priv;20
16.11.2020;tg;2019;Kindergartenstufe;Volksschule;M;Ausländer;priv;priv;21
16.11.2020;tg;2019;Kindergartenstufe;Volksschule;M;Ausländer;oef;oef;750
16.11.2020;tg;2019;Kindergartenstufe;Heim- und Sonderschule;M;Ausländer;priv;oef;18
16.11.2020;tg;2019;Kindergartenstufe;Heim- und Sonderschule;M;Ausländer;oef;oef;3
16.11.2020;tg;2019;Kindergartenstufe;Volksschule;F;Ausländer;priv;priv;19
16.11.2020;tg;2019;Kindergartenstufe;Heim- und Sonderschule;F;CH;oef;oef;8
16.11.2020;tg;2019;Primarstufe;Volksschule;M;Ausländer;oef;oef;2080
16.11.2020;tg;2019;Primarstufe;Heim- und Sonderschule;M;Ausländer;oef;oef;12
16.11.2020;tg;2019;Primarstufe;Heim- und Sonderschule;M;CH;oef;oef;16
16.11.2020;tg;2019;Primarstufe;Heim- und Sonderschule;F;Ausländer;oef;oef;4
16.11.2020;tg;2019;Primarstufe;Heim- und Sonderschule;F;CH;priv;oef;60
16.11.2020;tg;2019;Primarstufe;Volksschule;F;CH;priv;oef;2
16.11.2020;tg;2019;Primarstufe;Volksschule;F;CH;priv;priv;74
16.11.2020;tg;2019;Primarstufe;Volksschule;F;Ausländer;priv;priv;21
16.11.2020;tg;2019;Primarstufe;Heim- und Sonderschule;F;Ausländer;priv;oef;27
16.11.2020;tg;2019;Primarstufe;Heim- und Sonderschule;M;CH;priv;oef;144
16.11.2020;tg;2019;Primarstufe;Heim- und Sonderschule;M;Ausländer;priv;oef;88
16.11.2020;tg;2019;Primarstufe;Volksschule;M;Ausländer;priv;oef;2
16.11.2020;tg;2019;Primarstufe;Volksschule;M;CH;priv;oef;6
16.11.2020;tg;2019;Primarstufe;Volksschule;F;Ausländer;oef;oef;1976
16.11.2020;tg;2019;Primarstufe;Volksschule;M;CH;oef;oef;6329
16.11.2020;tg;2019;Primarstufe;Volksschule;F;CH;oef;oef;5979
16.11.2020;tg;2019;Primarstufe;Volksschule;M;Ausländer;priv;priv;35
16.11.2020;tg;2019;Primarstufe;Volksschule;M;CH;priv;priv;88
16.11.2020;tg;2019;Primarstufe;Heim- und Sonderschule;F;CH;oef;oef;10
16.11.2020;tg;2019;Sekundarstufe I;Volksschule;F;CH;oef;oef;2714
16.11.2020;tg;2019;Sekundarstufe I;Heim- und Sonderschule;F;CH;oef;oef;5
16.11.2020;tg;2019;Sekundarstufe I;Volksschule;F;Ausländer;oef;oef;978
16.11.2020;tg;2019;Sekundarstufe I;Volksschule;M;Ausländer;oef;oef;933
16.11.2020;tg;2019;Sekundarstufe I;Volksschule;M;CH;priv;priv;119
16.11.2020;tg;2019;Sekundarstufe I;Volksschule;M;Ausländer;priv;priv;24
16.11.2020;tg;2019;Sekundarstufe I;Mittelschule;F;Ausländer;oef;oef;26
16.11.2020;tg;2019;Sekundarstufe I;Heim- und Sonderschule;M;Ausländer;oef;oef;2
16.11.2020;tg;2019;Sekundarstufe I;Mittelschule;M;CH;oef;oef;128
16.11.2020;tg;2019;Sekundarstufe I;Volksschule;F;Ausländer;priv;priv;23
16.11.2020;tg;2019;Sekundarstufe I;Heim- und Sonderschule;M;CH;oef;oef;5
16.11.2020;tg;2019;Sekundarstufe I;Heim- und Sonderschule;F;CH;priv;oef;32
16.11.2020;tg;2019;Sekundarstufe I;Volksschule;F;CH;priv;priv;70
16.11.2020;tg;2019;Sekundarstufe I;Heim- und Sonderschule;F;Ausländer;priv;oef;9
16.11.2020;tg;2019;Sekundarstufe I;Mittelschule;M;Ausländer;oef;oef;14
16.11.2020;tg;2019;Sekundarstufe I;Heim- und Sonderschule;M;CH;priv;oef;72
16.11.2020;tg;2019;Sekundarstufe I;Heim- und Sonderschule;M;Ausländer;priv;oef;27
16.11.2020;tg;2019;Sekundarstufe I;Volksschule;M;CH;oef;oef;2830
16.11.2020;tg;2019;Sekundarstufe I;Mittelschule;F;CH;oef;oef;150
16.11.2020;tg;2019;Sekundarstufe II;Mittelschule;F;Ausländer;oef;oef;84
16.11.2020;tg;2019;Sekundarstufe II;Brückenangebot;F;CH;oef;oef;75
16.11.2020;tg;2019;Sekundarstufe II;Berufsfachschule;F;CH;priv;priv;33
16.11.2020;tg;2019;Sekundarstufe II;Heim- und Sonderschule;F;CH;priv;oef;3
16.11.2020;tg;2019;Sekundarstufe II;Mittelschule;F;CH;priv;priv;16
16.11.2020;tg;2019;Sekundarstufe II;Mittelschule;M;Ausländer;oef;oef;51
16.11.2020;tg;2019;Sekundarstufe II;Heim- und Sonderschule;M;CH;oef;oef;2
16.11.2020;tg;2019;Sekundarstufe II;Mittelschule;M;Ausländer;priv;priv;15
16.11.2020;tg;2019;Sekundarstufe II;Mittelschule;M;CH;priv;priv;16
16.11.2020;tg;2019;Sekundarstufe II;Brückenangebot;M;Ausländer;priv;priv;2
16.11.2020;tg;2019;Sekundarstufe II;Berufsfachschule;M;CH;priv;priv;71
16.11.2020;tg;2019;Sekundarstufe II;Heim- und Sonderschule;M;Ausländer;priv;oef;1
16.11.2020;tg;2019;Sekundarstufe II;Berufsfachschule;M;Ausländer;priv;priv;14
16.11.2020;tg;2019;Sekundarstufe II;Heim- und Sonderschule;F;CH;oef;oef;1
16.11.2020;tg;2019;Sekundarstufe II;Heim- und Sonderschule;F;Ausländer;oef;oef;1
16.11.2020;tg;2019;Sekundarstufe II;Berufsfachschule;F;Ausländer;oef;oef;485
16.11.2020;tg;2019;Sekundarstufe II;Brückenangebot;F;Ausländer;oef;oef;50
16.11.2020;tg;2019;Sekundarstufe II;Heim- und Sonderschule;M;CH;priv;oef;9
16.11.2020;tg;2019;Sekundarstufe II;Mittelschule;F;CH;oef;oef;1196
16.11.2020;tg;2019;Sekundarstufe II;Brückenangebot;F;CH;priv;priv;1
16.11.2020;tg;2019;Sekundarstufe II;Berufsfachschule;M;Ausländer;oef;oef;642
16.11.2020;tg;2019;Sekundarstufe II;Berufsfachschule;F;CH;oef;oef;1695
16.11.2020;tg;2019;Sekundarstufe II;Heim- und Sonderschule;M;Ausländer;oef;oef;1
16.11.2020;tg;2019;Sekundarstufe II;Brückenangebot;M;Ausländer;oef;oef;53
16.11.2020;tg;2019;Sekundarstufe II;Berufsfachschule;M;CH;oef;oef;2814
16.11.2020;tg;2019;Sekundarstufe II;Brückenangebot;M;CH;oef;oef;47
16.11.2020;tg;2019;Sekundarstufe II;Mittelschule;F;Ausländer;priv;priv;18
16.11.2020;tg;2019;Sekundarstufe II;Brückenangebot;M;CH;priv;priv;5
16.11.2020;tg;2019;Sekundarstufe II;Mittelschule;M;CH;oef;oef;592
16.11.2020;tg;2019;Sekundarstufe II;Berufsfachschule;F;Ausländer;priv;priv;8
16.11.2020;tg;2019;Tertiärstufe;Höhere Berufsbildung;M;CH;oef;oef;319
16.11.2020;tg;2019;Tertiärstufe;Höhere Berufsbildung;F;Ausländer;oef;oef;34
16.11.2020;tg;2019;Tertiärstufe;Höhere Berufsbildung;M;Ausländer;priv;oef;3
16.11.2020;tg;2019;Tertiärstufe;Höhere Berufsbildung;M;Ausländer;oef;oef;26
16.11.2020;tg;2019;Tertiärstufe;Höhere Berufsbildung;M;CH;priv;oef;10
16.11.2020;tg;2019;Tertiärstufe;Höhere Berufsbildung;F;CH;oef;oef;344
16.11.2020;tg;2019;Tertiärstufe;Höhere Berufsbildung;F;CH;priv;oef;4